src, dst
470195, 6992597724
6992597724, 6992597724
6992597724, 2160594581
2160594581, 2160594581
2160594581, 6992597725
6992597725, 6992597725
6992597725, 414997486
414997486, 414997486
94165414, 2160594587
2160594587, 2160594587
2160594587, 94205089
94205089, 94205089
94205089, 1871796133
1871796133, 1871796133
1871796133, 1828533266
1828533266, 1828533266
1828533266, 1871796058
1871796058, 1871796058
1871796058, 19715155
19715155, 19715155
19715155, 1871796090
1871796090, 1871796090
1871796090, 1871796167
1871796167, 1871796167
1871796167, 94206274
94206274, 94206274
94206274, 1675158632
1675158632, 1675158632
1675158632, 5619882798
5619882798, 5619882798
5619882798, 1871796231
1871796231, 1871796231
1871796231, 6114122836
6114122836, 6114122836
6114122836, 1675158636
1675158636, 1675158636
1675158636, 1675158635
1675158635, 1675158635
94164241, 2194257043
2194257043, 2194257043
2194257043, 613742310
613742310, 613742310
613742310, 6311415121
6311415121, 6311415121
6311415121, 94161169
94161169, 94161169
94161169, 6311422283
6311422283, 6311422283
6311422283, 202815928
202815928, 202815928
202815928, 2194257134
2194257134, 2194257134
2194257134, 94157219
94157219, 94157219
94157219, 2194257137
2194257137, 2194257137
2194257137, 6855302040
6855302040, 6855302040
6855302040, 202815391
202815391, 202815391
202815391, 1786279607
1786279607, 1786279607
1786279607, 326967463
326967463, 326967463
326967463, 1786279603
1786279603, 1786279603
1786279603, 94164238
94164238, 94164238
94164238, 1786279606
1786279606, 1786279606
1786279606, 1568090366
1568090366, 1568090366
1568090366, 516246598
516246598, 516246598
516246598, 94164234
94164234, 94164234
94166149, 652031471
652031471, 652031471
652031471, 1840005840
1840005840, 1840005840
1840005840, 6207449491
6207449491, 6207449491
6207449491, 4497062400
4497062400, 4497062400
4497062400, 5431407637
5431407637, 5431407637
5431407637, 4497062397
4497062397, 4497062397
4497062397, 4497062396
4497062396, 4497062396
4497062396, 94166145
94166145, 94166145
361103, 602281889
602281889, 602281889
602281889, 5297531439
5297531439, 5297531439
5297531439, 1786279647
1786279647, 1786279647
1786279647, 94166342
94166342, 94166342
94165414, 655336899
655336899, 655336899
655336899, 4497062392
4497062392, 4497062392
4497062392, 94166338
94166338, 94166338
665070979, 94167835
94167835, 94167835
94167835, 655338341
655338341, 655338341
655338341, 665071001
665071001, 665071001
94168021, 652026014
652026014, 652026014
652026014, 2194257172
2194257172, 2194257172
2194257172, 5434163338
5434163338, 5434163338
5434163338, 6378957760
6378957760, 6378957760
6378957760, 912271456
912271456, 912271456
912271456, 1272477678
1272477678, 1272477678
1272477678, 602281887
602281887, 602281887
602281887, 6378957729
6378957729, 6378957729
6378957729, 1568090365
1568090365, 1568090365
1568090365, 327046186
327046186, 327046186
470195, 414997568
414997568, 414997568
414997568, 2428864298
2428864298, 2428864298
2428864298, 94169400
94169400, 94169400
94169400, 6267519927
6267519927, 6267519927
6267519927, 2160594563
2160594563, 2160594563
2160594563, 1342011463
1342011463, 1342011463
1342011463, 94170757
94170757, 94170757
971501901, 2160594571
2160594571, 2160594571
2160594571, 94169400
94169400, 94169400
94178683, 2140279528
2140279528, 2140279528
2140279528, 1235277203
1235277203, 1235277203
1235277203, 94179673
94179673, 94179673
94171402, 2160594576
2160594576, 2160594576
2160594576, 2148477940
2148477940, 2148477940
2148477940, 94211772
94211772, 94211772
94211772, 2148477943
2148477943, 2148477943
2148477943, 5435849234
5435849234, 5435849234
5435849234, 94179676
94179676, 94179676
94179676, 2148477945
2148477945, 2148477945
2148477945, 15643097
15643097, 15643097
94205089, 1871796117
1871796117, 1871796117
1871796117, 1236518790
1236518790, 1236518790
1236518790, 1871795979
1871795979, 1871795979
1871795979, 1871796205
1871796205, 1871796205
1871796205, 94205088
94205088, 94205088
94205088, 1871796075
1871796075, 1871796075
1871796075, 94179906
94179906, 94179906
94206882, 2160594584
2160594584, 2160594584
2160594584, 94206449
94206449, 94206449
94179907, 2160594590
2160594590, 2160594590
2160594590, 2160594588
2160594588, 2160594588
2160594588, 94206882
94206882, 94206882
94207053, 6222564160
6222564160, 6222564160
6222564160, 6222564161
6222564161, 6222564161
6222564161, 414997481
414997481, 414997481
414997481, 94207230
94207230, 94207230
94168165, 1786279645
1786279645, 1786279645
1786279645, 94164238
94164238, 94164238
94165420, 7166954569
7166954569, 7166954569
7166954569, 6070774837
6070774837, 6070774837
6070774837, 1342011464
1342011464, 1342011464
1342011464, 94168165
94168165, 94168165
368327397, 6070766749
6070766749, 6070766749
6070766749, 94165420
94165420, 94165420
94207053, 4170417125
4170417125, 4170417125
4170417125, 247114623
247114623, 247114623
247114623, 368327397
368327397, 368327397
247114737, 414997646
414997646, 414997646
414997646, 247114746
247114746, 247114746
327048374, 5574186940
5574186940, 5574186940
5574186940, 1786279602
1786279602, 1786279602
1786279602, 94166339
94166339, 94166339
94167358, 1871796172
1871796172, 1871796172
1871796172, 6222542986
6222542986, 6222542986
6222542986, 6222542987
6222542987, 6222542987
6222542987, 267350316
267350316, 267350316
267350316, 1871796169
1871796169, 1871796169
1871796169, 5088415260
5088415260, 5088415260
5088415260, 4099994050
4099994050, 4099994050
4099994050, 5088415259
5088415259, 5088415259
5088415259, 5088415258
5088415258, 5088415258
5088415258, 1871796105
1871796105, 1871796105
1871796105, 4099994049
4099994049, 4099994049
4099994049, 6855104017
6855104017, 6855104017
6855104017, 4099994048
4099994048, 4099994048
4099994048, 6855104018
6855104018, 6855104018
6855104018, 6855104019
6855104019, 6855104019
6855104019, 4099994047
4099994047, 4099994047
4099994047, 1871795961
1871795961, 1871795961
1871795961, 6855099970
6855099970, 6855099970
6855099970, 280246014
280246014, 280246014
652025787, 1786279629
1786279629, 1786279629
1786279629, 6855114577
6855114577, 6855114577
6855114577, 5297531443
5297531443, 5297531443
5297531443, 1666065941
1666065941, 1666065941
1666065941, 6855114576
6855114576, 6855114576
6855114576, 6074035133
6074035133, 6074035133
6074035133, 4700937589
4700937589, 4700937589
361103, 6267518871
6267518871, 6267518871
6267518871, 7044506722
7044506722, 7044506722
7044506722, 6267518872
6267518872, 6267518872
6267518872, 7044506721
7044506721, 7044506721
7044506721, 579512150
579512150, 579512150
579512150, 6267519918
6267519918, 6267519918
6267519918, 1871796025
1871796025, 1871796025
1871796025, 94166688
94166688, 94166688
94165798, 6378946601
6378946601, 6378946601
6378946601, 4497062390
4497062390, 4497062390
4497062390, 94166338
94166338, 94166338
94166338, 4497062393
4497062393, 4497062393
4497062393, 4497062394
4497062394, 4497062394
4497062394, 94166145
94166145, 94166145
280248435, 6855104024
6855104024, 6855104024
6855104024, 6855104023
6855104023, 6855104023
6855104023, 6855104022
6855104022, 6855104022
6855104022, 6855114564
6855114564, 6855114564
6855114564, 5574186943
5574186943, 5574186943
5574186943, 6855114575
6855114575, 6855114575
6855114575, 280246014
280246014, 280246014
280246014, 6855099958
6855099958, 6855099958
6855099958, 6855099971
6855099971, 6855099971
6855099971, 6074031705
6074031705, 6074031705
6074031705, 1568076260
1568076260, 1568076260
7140042798, 652025857
652025857, 652025857
652025857, 7140053012
7140053012, 7140053012
7140053012, 5574186942
5574186942, 5574186942
247114907, 5574186939
5574186939, 5574186939
5574186939, 665070940
665070940, 665070940
665070940, 1568090326
1568090326, 1568090326
1568090326, 94165798
94165798, 94165798
94165798, 6378946379
6378946379, 6378946379
6378946379, 6378943135
6378943135, 6378943135
6378943135, 1235277130
1235277130, 1235277130
1235277130, 5577729793
5577729793, 5577729793
94164234, 8168344737
8168344737, 8168344737
8168344737, 327046138
327046138, 327046138
327048374, 5291470301
5291470301, 5291470301
5291470301, 327061268
327061268, 327061268
665071041, 655336894
655336894, 655336894
655336894, 665071042
665071042, 665071042
665071042, 665071009
665071009, 665071009
665071009, 327048378
327048378, 327048378
327048378, 655336895
655336895, 655336895
655336895, 655336896
655336896, 655336896
655336896, 665070981
665070981, 665070981
665070981, 655336897
655336897, 655336897
655336897, 327048377
327048377, 327048377
327048377, 655336898
655336898, 655336898
655336898, 327048374
327048374, 327048374
94167629, 1786279631
1786279631, 1786279631
1786279631, 5574186941
5574186941, 5574186941
5574186941, 665071041
665071041, 665071041
327058806, 5291470302
5291470302, 5291470302
5291470302, 665071041
665071041, 665071041
327061268, 665070987
665070987, 665070987
94164234, 6378953157
6378953157, 6378953157
6378953157, 327046186
327046186, 327046186
772798630, 368327397
368327397, 368327397
772798629, 247114623
247114623, 247114623
94211142, 2180084898
2180084898, 2180084898
2180084898, 6879473756
6879473756, 6879473756
6879473756, 583012053
583012053, 583012053
583012053, 1236341618
1236341618, 1236341618
1236341618, 94211141
94211141, 94211141
94211141, 2180084884
2180084884, 2180084884
94166338, 4497062391
4497062391, 4497062391
4497062391, 1786279644
1786279644, 1786279644
1786279644, 94166339
94166339, 94166339
94166339, 94166342
94166342, 94166342
94166342, 94167629
94167629, 94167629
94167629, 1786279622
1786279622, 1786279622
1786279622, 6200416112
6200416112, 6200416112
6200416112, 1786279634
1786279634, 1786279634
1786279634, 652031469
652031469, 652031469
652031469, 94167630
94167630, 94167630
5577729793, 2160594578
2160594578, 2160594578
2160594578, 5577729791
5577729791, 5577729791
5577729791, 6886594257
6886594257, 6886594257
6886594257, 665070907
665070907, 665070907
665070907, 94165420
94165420, 94165420
94165420, 6070773773
6070773773, 6070773773
6070773773, 1804452009
1804452009, 1804452009
1804452009, 94165147
94165147, 94165147
94165147, 2160594564
2160594564, 2160594564
2160594564, 94169695
94169695, 94169695
94169695, 2160594561
2160594561, 2160594561
2160594561, 202815231
202815231, 202815231
202815231, 94165149
94165149, 94165149
94165149, 2160594556
2160594556, 2160594556
2160594556, 2160594555
2160594555, 2160594555
2160594555, 2160594553
2160594553, 2160594553
2160594553, 5077513433
5077513433, 5077513433
5077513433, 256619152
256619152, 256619152
256619152, 4045853198
4045853198, 4045853198
4045853198, 94158188
94158188, 94158188
6267518871, 7044506724
7044506724, 7044506724
7044506724, 6267518874
6267518874, 6267518874
6267518874, 7044506723
7044506723, 7044506723
7044506723, 602281888
602281888, 602281888
602281888, 3339802264
3339802264, 3339802264
3339802264, 1568076266
1568076266, 1568076266
5291470303, 665070969
665070969, 665070969
665070969, 5574186937
5574186937, 5574186937
5574186937, 1342011468
1342011468, 1342011468
1342011468, 25095565
25095565, 25095565
327048374, 655340002
655340002, 655340002
655340002, 655340003
655340003, 655340003
655340003, 516246606
516246606, 516246606
516246606, 665070978
665070978, 665070978
665070978, 665070979
665070979, 665070979
665070979, 665070963
665070963, 665070963
665070963, 665070951
665070951, 665070951
665070951, 655338343
655338343, 655338343
655338343, 655338344
655338344, 655338344
655338344, 665070946
665070946, 665070946
665070946, 665070966
665070966, 665070966
665070966, 665070967
665070967, 665070967
665070967, 665070968
665070968, 665070968
665070968, 665070969
665070969, 665070969
665070969, 665070924
665070924, 665070924
665070924, 665070925
665070925, 665070925
665070925, 665070926
665070926, 665070926
665070926, 665070927
665070927, 665070927
665070927, 665070928
665070928, 665070928
665070928, 665070929
665070929, 665070929
665070929, 665071019
665071019, 665071019
665071019, 665071020
665071020, 665071020
665071020, 665071021
665071021, 665071021
665071021, 665071001
665071001, 665071001
665071001, 665071006
665071006, 665071006
665071006, 665071032
665071032, 665071032
665071032, 665071033
665071033, 665071033
665071033, 665071034
665071034, 665071034
665071034, 665071041
665071041, 665071041
1342011465, 1342011470
1342011470, 1342011470
1342011470, 665070931
665070931, 665070931
665070931, 1568090384
1568090384, 1568090384
1568090384, 665071018
665071018, 665071018
665071018, 665071017
665071017, 665071017
665071017, 665071016
665071016, 665071016
665071016, 665071031
665071031, 665071031
665071031, 516246608
516246608, 516246608
6469778571, 6900269351
6900269351, 6900269351
6900269351, 94181306
94181306, 94181306
94181306, 3879985576
3879985576, 3879985576
3879985576, 6203898376
6203898376, 6203898376
6203898376, 4387008644
4387008644, 4387008644
4387008644, 652025834
652025834, 652025834
652025834, 361102
361102, 361102
1835516159, 652031474
652031474, 652031474
652031474, 1871776624
1871776624, 1871776624
1871776624, 652031434
652031434, 652031434
652031434, 1675158636
1675158636, 1675158636
1675158636, 1840030295
1840030295, 1840030295
1840030295, 1840005854
1840005854, 1840005854
1840005854, 1840030291
1840030291, 1840030291
1840030291, 652031471
652031471, 652031471
652031471, 1840030274
1840030274, 1840030274
1840030274, 652031472
652031472, 652031472
652031472, 652031470
652031470, 652031470
652031470, 602281889
602281889, 602281889
602281889, 665071077
665071077, 665071077
665071077, 1840005827
1840005827, 1840005827
1840005827, 6855099963
6855099963, 6855099963
6855099963, 652031469
652031469, 652031469
652031469, 1840030271
1840030271, 1840030271
1840030271, 1840030265
1840030265, 1840030265
1840030265, 1273681652
1273681652, 1273681652
1273681652, 1342011466
1342011466, 1342011466
1342011466, 674091974
674091974, 674091974
674091974, 4512216598
4512216598, 4512216598
4512216598, 1840005826
1840005826, 1840005826
1840005826, 1840005825
1840005825, 1840005825
1840005825, 1840030260
1840030260, 1840030260
1840030260, 652026014
652026014, 652026014
652026014, 652026133
652026133, 652026133
652026133, 5592147096
5592147096, 5592147096
5592147096, 652026059
652026059, 652026059
652026059, 5592147095
5592147095, 5592147095
5592147095, 1840030255
1840030255, 1840030255
1840030255, 5592147097
5592147097, 5592147097
5592147097, 1804446166
1804446166, 1804446166
1804446166, 5592147098
5592147098, 5592147098
5592147098, 1829469422
1829469422, 1829469422
1829469422, 652026102
652026102, 652026102
652026102, 1840030252
1840030252, 1840030252
1840030252, 1840005822
1840005822, 1840005822
1840005822, 652026039
652026039, 652026039
652026039, 652026142
652026142, 652026142
652026142, 6852759198
6852759198, 6852759198
6852759198, 6620568035
6620568035, 6620568035
6620568035, 674646813
674646813, 674646813
674646813, 1840030231
1840030231, 1840030231
1840030231, 914470748
914470748, 914470748
914470748, 1840005821
1840005821, 1840005821
1840005821, 914470751
914470751, 914470751
914470751, 2321238544
2321238544, 2321238544
516246608, 327058806
327058806, 327058806
665070987, 665070962
665070962, 665070962
665070962, 665070964
665070964, 665070964
665070964, 665070965
665070965, 665070965
665070965, 665070941
665070941, 665070941
665070941, 5574186938
5574186938, 5574186938
5574186938, 665070942
665070942, 665070942
665070942, 665070939
665070939, 665070939
665070939, 665070940
665070940, 665070940
94211142, 6879459898
6879459898, 6879459898
6879459898, 6879451183
6879451183, 6879451183
6879451183, 2148477942
2148477942, 2148477942
2148477942, 94211772
94211772, 94211772
94211772, 2148477941
2148477941, 2148477941
2148477941, 414997666
414997666, 414997666
414997666, 94211386
94211386, 94211386
94179673, 1235277239
1235277239, 1235277239
1235277239, 1235277133
1235277133, 1235277133
1235277133, 94179676
94179676, 94179676
784453968, 784430150
784430150, 784430150
784430150, 784389720
784389720, 784389720
784389720, 784355547
784355547, 784355547
784355547, 784453968
784453968, 784453968
327046138, 1786279605
1786279605, 1786279605
1786279605, 25095565
25095565, 25095565
25095565, 1786279604
1786279604, 1786279604
1786279604, 1568090348
1568090348, 1568090348
1568090348, 1342011465
1342011465, 1342011465
1342011465, 6202073361
6202073361, 6202073361
6202073361, 4512216599
4512216599, 4512216599
4512216599, 6335922739
6335922739, 6335922739
6335922739, 5123056787
5123056787, 5123056787
5123056787, 4387008643
4387008643, 4387008643
4387008643, 674091974
674091974, 674091974
674091974, 361102
361102, 361102
94170852, 8168262336
8168262336, 8168262336
8168262336, 6638599299
6638599299, 6638599299
6638599299, 2180084883
2180084883, 2180084883
2180084883, 94170853
94170853, 94170853
912271456, 912271851
912271851, 912271851
971501847, 971501907
971501907, 971501907
971501907, 2160594570
2160594570, 2160594570
2160594570, 971501901
971501901, 971501901
971501853, 971501920
971501920, 971501920
1020265172, 1020265136
1020265136, 1020265136
1020265162, 1020265119
1020265119, 1020265119
1020265119, 1020265182
1020265182, 1020265182
1020265235, 1020265117
1020265117, 1020265117
1020265162, 1020265229
1020265229, 1020265229
1020265229, 1020265172
1020265172, 1020265172
1014002247, 1020265131
1020265131, 1020265131
1020265172, 4221429494
4221429494, 4221429494
1020265117, 1014002290
1014002290, 1014002290
1020265218, 1014002247
1014002247, 1014002247
1020265131, 1020265172
1020265172, 1020265172
1020265229, 1020265177
1020265177, 1020265177
1020265177, 1020265136
1020265136, 1020265136
4221429494, 1020265172
1020265172, 1020265172
1020265172, 1020265147
1020265147, 1020265147
1020265136, 1020265182
1020265182, 1020265182
1020265182, 1020265117
1020265117, 1020265117
1020265218, 4221429494
4221429494, 4221429494
1235277397, 1235277274
1235277274, 1235277274
1235277274, 1235277216
1235277216, 1235277216
831438335, 1235277253
1235277253, 1235277253
1235277253, 1235277133
1235277133, 1235277133
1235277133, 1235277208
1235277208, 1235277208
1235277208, 1235277160
1235277160, 1235277160
1235277160, 1235277118
1235277118, 1235277118
1235277118, 1235277239
1235277239, 1235277239
1235277239, 1235277273
1235277273, 1235277273
1235277273, 831444017
831444017, 831444017
831444017, 1236457058
1236457058, 1236457058
1236457058, 831432022
831432022, 831432022
831432022, 1236456950
1236456950, 1236456950
1236456950, 831440727
831440727, 831440727
831440727, 831438335
831438335, 831438335
1235277272, 1235277216
1235277216, 1235277216
1235277216, 1235277166
1235277166, 1235277166
94171402, 1236518666
1236518666, 1236518666
1236518666, 94207053
94207053, 94207053
1236518790, 1871796023
1871796023, 1871796023
1871796023, 1236518985
1236518985, 1236518985
1272477678, 1272477675
1272477675, 1272477675
1272477675, 815040967
815040967, 815040967
1272590682, 1014002290
1014002290, 1014002290
1272590683, 1020265235
1020265235, 1020265235
1666065941, 1278464856
1278464856, 1278464856
1278464856, 4100020127
4100020127, 4100020127
4100020127, 1278464642
1278464642, 1278464642
1278464858, 1278464780
1278464780, 1278464780
361102, 1342011466
1342011466, 1342011466
1342011466, 8168344735
8168344735, 8168344735
8168344735, 5619882799
5619882799, 5619882799
5619882799, 5619882800
5619882800, 5619882800
5619882800, 5619882801
5619882801, 5619882801
5619882801, 1342011470
1342011470, 1342011470
1342011470, 1342011468
1342011468, 1342011468
1342011468, 1342011472
1342011472, 1342011472
1568076260, 1568076259
1568076259, 1568076259
1568076259, 1568076264
1568076264, 1568076264
1568076264, 1568076265
1568076265, 1568076265
1568076265, 1568076266
1568076266, 1568076266
1568090364, 1568090354
1568090354, 1568090354
1568090354, 1568090328
1568090328, 1568090328
1568090328, 1568090326
1568090326, 1568090326
784300488, 1568090348
1568090348, 1568090348
1568090348, 1342011470
1342011470, 1342011470
1342011470, 784366153
784366153, 784366153
784366153, 1568090384
1568090384, 1568090384
1568090384, 665071015
665071015, 665071015
665071015, 665070930
665070930, 665070930
665070930, 327050914
327050914, 327050914
327050914, 665070920
665070920, 665070920
665070920, 665070921
665070921, 665070921
665070921, 665070923
665070923, 665070923
665070923, 665070918
665070918, 665070918
665070918, 665070919
665070919, 665070919
665070919, 665070922
665070922, 665070922
665070922, 665070917
665070917, 665070917
665070917, 327050911
327050911, 327050911
327050911, 5574186937
5574186937, 5574186937
5574186937, 327050909
327050909, 327050909
327050909, 327050907
327050907, 327050907
327050907, 327050904
327050904, 327050904
327050904, 665070916
665070916, 665070916
665070916, 665070915
665070915, 665070915
665070915, 665070914
665070914, 665070914
665070914, 665070943
665070943, 665070943
665070943, 327050902
327050902, 327050902
327050902, 516246601
516246601, 516246601
516246601, 665070944
665070944, 665070944
665070944, 665070950
665070950, 665070950
665070950, 665070949
665070949, 665070949
665070949, 5574186938
5574186938, 5574186938
5574186938, 784502726
784502726, 784502726
784502726, 665070939
665070939, 665070939
665070939, 5574186939
5574186939, 5574186939
5574186939, 784500075
784500075, 784500075
784500075, 3501719722
3501719722, 3501719722
3501719722, 784397475
784397475, 784397475
784397475, 784505473
784505473, 784505473
784505473, 1568090358
1568090358, 1568090358
1568090358, 1568090343
1568090343, 1568090343
1568090343, 784438549
784438549, 784438549
784438549, 3501719720
3501719720, 3501719720
3501719720, 784360238
784360238, 784360238
784360238, 3501719717
3501719717, 3501719717
3501719717, 784320648
784320648, 784320648
784320648, 1568090366
1568090366, 1568090366
1568090366, 784451880
784451880, 784451880
784451880, 3501719718
3501719718, 3501719718
3501719718, 784467950
784467950, 784467950
784467950, 3501719721
3501719721, 3501719721
3501719721, 784419650
784419650, 784419650
784419650, 1568090365
1568090365, 1568090365
1568090365, 784324923
784324923, 784324923
784324923, 784300488
784300488, 784300488
1568090345, 6073955814
6073955814, 6073955814
6073955814, 1804449777
1804449777, 1804449777
1804449777, 1568090351
1568090351, 1568090351
784372454, 1598035723
1598035723, 1598035723
1598035723, 1598035727
1598035727, 1598035727
1598035727, 1598035683
1598035683, 1598035683
1598035683, 1598035679
1598035679, 1598035679
1598035679, 1598035673
1598035673, 1598035673
1598035673, 1598035681
1598035681, 1598035681
1598035681, 1598035685
1598035685, 1598035685
1598035685, 1598035708
1598035708, 1598035708
1598035708, 1598035770
1598035770, 1598035770
1598035770, 1598035771
1598035771, 1598035771
1598035771, 1598035804
1598035804, 1598035804
1598035804, 1598035807
1598035807, 1598035807
1598035807, 1598035810
1598035810, 1598035810
1598035810, 1598035809
1598035809, 1598035809
1598035809, 1598035805
1598035805, 1598035805
1598035805, 1598035803
1598035803, 1598035803
1598035803, 1598035792
1598035792, 1598035792
1598035792, 1598035769
1598035769, 1598035769
1598035769, 1598035742
1598035742, 1598035742
1598035742, 1598035736
1598035736, 1598035736
1598035736, 1598035733
1598035733, 1598035733
1598035733, 1598035730
1598035730, 1598035730
1598035730, 1598035719
1598035719, 1598035719
1598035719, 1598035669
1598035669, 1598035669
1598035669, 1598035664
1598035664, 1598035664
1598035664, 1598035637
1598035637, 1598035637
1598035637, 1598035640
1598035640, 1598035640
1598035640, 1598035666
1598035666, 1598035666
1598035666, 1598035661
1598035661, 1598035661
1598035661, 1598035711
1598035711, 1598035711
1598035711, 1598035715
1598035715, 1598035715
1598035715, 784298793
784298793, 784298793
784298793, 1598058594
1598058594, 1598058594
1598058594, 1598035739
1598035739, 1598035739
1598035739, 1598035772
1598035772, 1598035772
1598035772, 1598035775
1598035775, 1598035775
1598035775, 1598035788
1598035788, 1598035788
1598035788, 1598035783
1598035783, 1598035783
1598035783, 1598035780
1598035780, 1598035780
1598035780, 3384287997
3384287997, 3384287997
3384287997, 1598035767
1598035767, 1598035767
1598035767, 1598058596
1598058596, 1598058596
1598058596, 784372454
784372454, 784372454
1598058595, 1598058596
1598058596, 1598058596
1598058597, 1598058594
1598058594, 1598058594
831444822, 1604134219
1604134219, 1604134219
1604134219, 1604134223
1604134223, 1604134223
1604134223, 1604134224
1604134224, 1604134224
1604134224, 1604134226
1604134226, 1604134226
1604134226, 8819008442
8819008442, 8819008442
8819008442, 1604134228
1604134228, 1604134228
1604134228, 1604134231
1604134231, 1604134231
1604134231, 1604134232
1604134232, 1604134232
1604134232, 1604134234
1604134234, 1604134234
1604134234, 1604134233
1604134233, 1604134233
1604134233, 1604134167
1604134167, 1604134167
1604134167, 1604134165
1604134165, 1604134165
1604134165, 1604134164
1604134164, 1604134164
1604134164, 1604134162
1604134162, 1604134162
1604134162, 1604134154
1604134154, 1604134154
1604134154, 1604134144
1604134144, 1604134144
1604134144, 1604134139
1604134139, 1604134139
1604134139, 1604134135
1604134135, 1604134135
1604134135, 831432603
831432603, 831432603
831432603, 1236457020
1236457020, 1236457020
1236457020, 831438857
831438857, 831438857
831438857, 1236456976
1236456976, 1236456976
1236456976, 831439826
831439826, 831439826
831439826, 1236457104
1236457104, 1236457104
1236457104, 831450636
831450636, 831450636
831450636, 1236457292
1236457292, 1236457292
1236457292, 831441232
831441232, 831441232
831441232, 1236456926
1236456926, 1236456926
1236456926, 831437139
831437139, 831437139
831437139, 1236456880
1236456880, 1236456880
1236456880, 831435133
831435133, 831435133
831435133, 1236457004
1236457004, 1236457004
1236457004, 831430972
831430972, 831430972
831430972, 1236457128
1236457128, 1236457128
1236457128, 831449779
831449779, 831449779
831449779, 1236457370
1236457370, 1236457370
1236457370, 831432084
831432084, 831432084
831432084, 831444822
831444822, 831444822
1666065926, 1666065907
1666065907, 1666065907
1666065907, 6855099969
6855099969, 6855099969
6855099969, 280246014
280246014, 280246014
361103, 652031470
652031470, 652031470
414997486, 94206449
94206449, 94206449
94206449, 2160594582
2160594582, 2160594582
2160594582, 2148477946
2148477946, 2148477946
2148477946, 15643097
15643097, 15643097
1761364758, 414997485
414997485, 414997485
414997485, 470195
470195, 470195
94165414, 2160594585
2160594585, 2160594585
2160594585, 1761364758
1761364758, 1761364758
971476124, 94169987
94169987, 94169987
94169987, 1236329762
1236329762, 1236329762
1236329762, 2180084881
2180084881, 2180084881
2180084881, 94170853
94170853, 94170853
94170853, 2180084885
2180084885, 2180084885
2180084885, 3706573237
3706573237, 3706573237
3706573237, 2160594574
2160594574, 2160594574
2160594574, 94171402
94171402, 94171402
94211143, 1829476646
1829476646, 1829476646
1829476646, 5418349043
5418349043, 5418349043
5418349043, 6051751936
6051751936, 6051751936
6051751936, 94208278
94208278, 94208278
1840030276, 2889523057
2889523057, 2889523057
2889523057, 4922753049
4922753049, 4922753049
4922753049, 94166149
94166149, 94166149
94166149, 1840030293
1840030293, 1840030293
1840030293, 94166717
94166717, 94166717
94166717, 1840005855
1840005855, 1840005855
1840005855, 1840030296
1840030296, 1840030296
1840030296, 1675158635
1675158635, 1675158635
1675158635, 7762589704
7762589704, 7762589704
7762589704, 4947721055
4947721055, 4947721055
4947721055, 94205548
94205548, 94205548
94205548, 1835516159
1835516159, 1835516159
1840005827, 1840005829
1840005829, 1840005829
1840005829, 1840005831
1840005831, 1840005831
1840005835, 1840005833
1840005833, 1840005833
1840005833, 665071077
665071077, 665071077
1840030273, 1786279619
1786279619, 1786279619
1786279619, 1840030271
1840030271, 1840030271
1840030274, 1840030276
1840030276, 1840030276
1840030276, 1840030289
1840030289, 1840030289
1840005825, 1840030263
1840030263, 1840030263
1840030263, 1840030264
1840030264, 1840030264
1840030267, 2889523055
2889523055, 2889523055
2889523055, 1786279619
1786279619, 1786279619
1786279619, 94167630
94167630, 94167630
94157762, 4045862066
4045862066, 4045862066
4045862066, 94160057
94160057, 94160057
94160057, 2180084844
2180084844, 2180084844
2180084844, 2180084849
2180084849, 2180084849
2180084849, 94159491
94159491, 94159491
94159491, 6335922738
6335922738, 6335922738
6335922738, 6070692643
6070692643, 6070692643
6070692643, 186658078
186658078, 186658078
186658078, 94169547
94169547, 94169547
94169547, 2160594562
2160594562, 2160594562
2160594562, 6070713596
6070713596, 6070713596
6070713596, 94170757
94170757, 94170757
94170757, 2180084869
2180084869, 2180084869
2180084869, 6202073362
6202073362, 6202073362
6202073362, 2160594567
2160594567, 2160594567
2160594567, 94165147
94165147, 94165147
94165147, 2160594568
2160594568, 2160594568
2160594568, 94168165
94168165, 94168165
94168165, 3175147846
3175147846, 3175147846
3175147846, 6070773780
6070773780, 6070773780
6070773780, 1568090343
1568090343, 1568090343
1568090343, 1786279615
1786279615, 1786279615
1786279615, 1568090351
1568090351, 1568090351
1568090351, 327046138
327046138, 327046138
7140053018, 7140053017
7140053017, 7140053017
7140053017, 5619882803
5619882803, 5619882803
5619882803, 652025865
652025865, 652025865
652025865, 1840030269
1840030269, 1840030269
1840030269, 1840030273
1840030273, 1840030273
1840030273, 652025787
652025787, 652025787
652025787, 655340005
655340005, 655340005
655340005, 5297531442
5297531442, 5297531442
5297531442, 1840005831
1840005831, 1840005831
1840005831, 1840005835
1840005835, 1840005835
1840005835, 652025872
652025872, 652025872
652025872, 6855099966
6855099966, 6855099966
6855099966, 6855099965
6855099965, 6855099965
6855099965, 6855099964
6855099964, 6855099964
6855099964, 652025876
652025876, 652025876
652025876, 652025883
652025883, 652025883
652025883, 6222547688
6222547688, 6222547688
6222547688, 6855099959
6855099959, 6855099959
6855099959, 1840005838
1840005838, 1840005838
1840005838, 6855099960
6855099960, 6855099960
6855099960, 602281888
602281888, 602281888
602281888, 6222547689
6222547689, 6222547689
6222547689, 6855099961
6855099961, 6855099961
6855099961, 6267519917
6267519917, 6267519917
6267519917, 579512150
579512150, 579512150
579512150, 6855099962
6855099962, 6855099962
6855099962, 6222547690
6222547690, 6222547690
6222547690, 652025891
652025891, 652025891
652025891, 1840030289
1840030289, 1840030289
1840030289, 1840030294
1840030294, 1840030294
1840030294, 652031449
652031449, 652031449
652031449, 1840005857
1840005857, 1840005857
1840005857, 1840030297
1840030297, 1840030297
1840030297, 1835516132
1835516132, 1835516132
1835516132, 2665180450
2665180450, 2665180450
2665180450, 6157240019
6157240019, 6157240019
6157240019, 6157240020
6157240020, 6157240020
6157240020, 1835516159
1835516159, 1835516159
772798629, 2428864298
2428864298, 2428864298
2428864298, 772798630
772798630, 772798630
3175146873, 3539431756
3539431756, 3539431756
3539431756, 3539431755
3539431755, 3539431755
3539431755, 3539431754
3539431754, 3539431754
3539431754, 3175146874
3175146874, 3175146874
3175146874, 3175146875
3175146875, 3175146875
3175146875, 3175146873
3175146873, 3175146873
652025876, 361103
361103, 361103
1568076260, 6870974627
6870974627, 6870974627
6870974627, 652025876
652025876, 652025876
652031470, 3339802262
3339802262, 3339802262
3339802262, 6069357409
6069357409, 6069357409
6069357409, 4497062395
4497062395, 4497062395
4497062395, 94166145
94166145, 94166145
94166145, 2160594586
2160594586, 2160594586
2160594586, 94165414
94165414, 94165414
1568076266, 6074037945
6074037945, 6074037945
6074037945, 94167358
94167358, 94167358
4037905236, 4037905233
4037905233, 4037905233
4037905234, 4037905232
4037905232, 4037905232
4037905231, 4037905229
4037905229, 4037905229
267350287, 652025787
652025787, 652025787
4700937589, 4426707045
4426707045, 4426707045
4426707045, 6855104021
6855104021, 6855104021
6855104021, 267350030
267350030, 267350030
267350030, 6855104020
6855104020, 6855104020
6855104020, 6855114549
6855114549, 6855114549
6855114549, 1278473026
1278473026, 1278473026
1278473026, 5297531445
5297531445, 5297531445
4700937589, 6855099973
6855099973, 6855099973
6855099973, 6855099972
6855099972, 6855099972
6855099972, 6855099957
6855099957, 6855099957
6855099957, 280246014
280246014, 280246014
5291470297, 7579829188
7579829188, 7579829188
5291470304, 5291470303
5291470303, 5291470303
5291470305, 5291470304
5291470304, 5291470304
5291470306, 5291470305
5291470305, 5291470305
5291470307, 655338341
655338341, 655338341
655338341, 5291470306
5291470306, 5291470306
5291470308, 5291470307
5291470307, 5291470307
7579829188, 655336896
655336896, 655336896
655336896, 5291470308
5291470308, 5291470308
94214160, 6879462720
6879462720, 6879462720
6879462720, 6879474183
6879474183, 6879474183
6879474183, 94211142
94211142, 94211142
5297531443, 5297531440
5297531440, 5297531440
5297531440, 6074030081
6074030081, 6074030081
6074030081, 5297531442
5297531442, 5297531442
5297531442, 5297531441
5297531441, 5297531441
5431407637, 4497062398
4497062398, 4497062398
4497062398, 6267519919
6267519919, 6267519919
6267519919, 652031472
652031472, 652031472
652031472, 652028896
652028896, 652028896
1598035637, 5574186941
5574186941, 5574186941
1598035733, 94167629
94167629, 94167629
1598035809, 94166342
94166342, 94166342
1598035770, 94166339
94166339, 94166339
5574186940, 1598035681
1598035681, 1598035681
94205088, 1871796112
1871796112, 1871796112
1871796112, 2160594589
2160594589, 2160594589
2160594589, 94206882
94206882, 94206882
94165414, 5577729788
5577729788, 5577729788
5577729788, 7166954570
7166954570, 7166954570
7166954570, 5577729793
5577729793, 5577729793
15643097, 2148477947
2148477947, 2148477947
2148477947, 5540287646
5540287646, 5540287646
5540287646, 94179673
94179673, 94179673
94179673, 2148477949
2148477949, 2148477949
2148477949, 1235277397
1235277397, 1235277397
1235277397, 6051751938
6051751938, 6051751938
6051751938, 94208278
94208278, 94208278
94208278, 6051751937
6051751937, 6051751937
6051751937, 94208279
94208279, 94208279
94208279, 6051751941
6051751941, 6051751941
6051751941, 1234213812
1234213812, 1234213812
1234213812, 6109665908
6109665908, 6109665908
6109665908, 1234213805
1234213805, 1234213805
1234213805, 1234213815
1234213815, 1234213815
1234213815, 94211916
94211916, 94211916
15643097, 2148477948
2148477948, 2148477948
2148477948, 1829476647
1829476647, 1829476647
1829476647, 6114122835
6114122835, 6114122835
6114122835, 94179907
94179907, 94179907
94179907, 2160594591
2160594591, 2160594591
2160594591, 2160594593
2160594593, 2160594593
2160594593, 2160594595
2160594595, 2160594595
2160594595, 94179906
94179906, 94179906
94179906, 5435849233
5435849233, 5435849233
5435849233, 5835120262
5835120262, 5835120262
5835120262, 19715146
19715146, 19715146
19715146, 1871795991
1871795991, 1871795991
1871795991, 1871796017
1871796017, 1871796017
1871796017, 94206128
94206128, 94206128
94206128, 1871776680
1871776680, 1871776680
1871776680, 94206073
94206073, 94206073
6267518875, 6267518876
6267518876, 6267518876
6267518876, 6267518877
6267518877, 6267518877
6267518877, 6267518878
6267518878, 6267518878
6267518878, 6267518879
6267518879, 6267518879
6267518879, 6267518880
6267518880, 6267518880
6267518880, 6267518881
6267518881, 6267518881
6267518881, 6267518882
6267518882, 6267518882
6267518882, 6267518883
6267518883, 6267518883
6267518883, 6267518884
6267518884, 6267518884
6267518884, 6267519885
6267519885, 6267519885
6267519885, 6267519886
6267519886, 6267519886
6267519886, 6267518875
6267518875, 6267518875
6267519887, 6267519888
6267519888, 6267519888
6267519888, 6267519889
6267519889, 6267519889
6267519889, 6267519890
6267519890, 6267519890
6267519890, 6267519891
6267519891, 6267519891
6267519891, 6267519892
6267519892, 6267519892
6267519892, 6267519893
6267519893, 6267519893
6267519893, 6870974628
6870974628, 6870974628
6870974628, 6267519894
6267519894, 6267519894
6267519894, 6267519895
6267519895, 6267519895
6267519895, 6267519896
6267519896, 6267519896
6267519896, 6267519897
6267519897, 6267519897
6267519897, 6267519898
6267519898, 6267519898
6267519898, 6267519899
6267519899, 6267519899
6267519899, 6870974631
6870974631, 6870974631
6870974631, 6267519900
6267519900, 6267519900
6267519900, 6267519901
6267519901, 6267519901
6267519901, 6267519902
6267519902, 6267519902
6267519902, 6267519887
6267519887, 6267519887
6267519903, 6267519904
6267519904, 6267519904
6267519904, 6267519905
6267519905, 6267519905
6267519905, 6267519906
6267519906, 6267519906
6267519906, 6267519907
6267519907, 6267519907
6267519907, 6267519908
6267519908, 6267519908
6267519908, 6267519909
6267519909, 6267519909
6267519909, 6267519910
6267519910, 6267519910
6267519910, 6267519911
6267519911, 6267519911
6267519911, 6267519912
6267519912, 6267519912
6267519912, 6267519913
6267519913, 6267519913
6267519913, 6267519914
6267519914, 6267519914
6267519914, 6267519915
6267519915, 6267519915
6267519915, 6267519916
6267519916, 6267519916
6267519916, 6267519903
6267519903, 6267519903
94181022, 1840030263
1840030263, 1840030263
1840030263, 1735234721
1735234721, 1735234721
1735234721, 361102
361102, 361102
361102, 1735234733
1735234733, 1735234733
1735234733, 1840030267
1840030267, 1840030267
94167630, 267350287
267350287, 267350287
267350287, 655340006
655340006, 655340006
655340006, 5297531441
5297531441, 5297531441
5297531441, 1840005829
1840005829, 1840005829
1840005829, 6367445640
6367445640, 6367445640
6367445640, 1840005833
1840005833, 1840005833
1840005833, 361103
361103, 361103
361103, 652028896
652028896, 652028896
652028896, 1840030276
1840030276, 1840030276
327046186, 1786279624
1786279624, 1786279624
1786279624, 25095565
25095565, 25095565
1342011472, 7143330005
7143330005, 7143330005
7143330005, 1804449777
1804449777, 1804449777
1804449777, 7143330004
7143330004, 7143330004
7143330004, 1568090358
1568090358, 1568090358
1568090358, 6772635467
6772635467, 6772635467
6772635467, 1342011464
1342011464, 1342011464
1342011464, 5496013704
5496013704, 5496013704
5496013704, 1804452009
1804452009, 1804452009
1804452009, 1342011463
1342011463, 1342011463
25095565, 1342011472
1342011472, 1342011472
1342011472, 1786279627
1786279627, 1786279627
1786279627, 1568090345
1568090345, 1568090345
1568090345, 6378946948
6378946948, 6378946948
6378946948, 247114907
247114907, 247114907
6855099978, 2521442815
2521442815, 2521442815
2521442815, 6855104015
6855104015, 6855104015
6855104015, 6855104014
6855104014, 6855104014
6855104014, 6855104013
6855104013, 6855104013
6855104013, 6855104012
6855104012, 6855104012
6855104012, 6855104011
6855104011, 6855104011
6855104011, 6855114559
6855114559, 6855114559
6855114559, 6855104010
6855104010, 6855104010
6855104010, 6855114547
6855114547, 6855114547
6855114547, 6855104009
6855104009, 6855104009
6855104009, 6855104008
6855104008, 6855104008
6855104008, 6855104007
6855104007, 6855104007
6855104007, 6855114551
6855114551, 6855114551
6855114551, 6855104006
6855104006, 6855104006
6855104006, 6855104005
6855104005, 6855104005
6855104005, 6855114560
6855114560, 6855114560
6855114560, 6855104004
6855104004, 6855104004
6855104004, 6855114563
6855114563, 6855114563
6855114563, 6855104003
6855104003, 6855104003
6855104003, 6855104002
6855104002, 6855104002
6855104002, 6855114574
6855114574, 6855114574
6855114574, 6855104001
6855104001, 6855104001
6855104001, 6855104000
6855104000, 6855104000
6855104000, 6855103999
6855103999, 6855103999
6855103999, 6855103998
6855103998, 6855103998
6855103998, 6855103997
6855103997, 6855103997
6855103997, 6855103996
6855103996, 6855103996
6855103996, 6855103995
6855103995, 6855103995
6855103995, 6855103994
6855103994, 6855103994
6855103994, 6855103993
6855103993, 6855103993
6855103993, 6855103992
6855103992, 6855103992
6855103992, 6855103991
6855103991, 6855103991
6855103991, 6855103990
6855103990, 6855103990
6855103990, 6855103989
6855103989, 6855103989
6855103989, 784476049
784476049, 784476049
784476049, 784380282
784380282, 784380282
784380282, 784362696
784362696, 784362696
784362696, 784372776
784372776, 784372776
784372776, 784365165
784365165, 784365165
784365165, 784430426
784430426, 784430426
784430426, 784318543
784318543, 784318543
784318543, 784394889
784394889, 784394889
784394889, 784462587
784462587, 784462587
784462587, 784346293
784346293, 784346293
784346293, 784434319
784434319, 784434319
784434319, 4876669167
4876669167, 4876669167
4876669167, 784299975
784299975, 784299975
784299975, 784367572
784367572, 784367572
784367572, 784439439
784439439, 784439439
784439439, 784435949
784435949, 784435949
784435949, 784296683
784296683, 784296683
784296683, 784479132
784479132, 784479132
784479132, 784427937
784427937, 784427937
784427937, 784383770
784383770, 784383770
784383770, 784341201
784341201, 784341201
784341201, 784384869
784384869, 784384869
784384869, 784381726
784381726, 784381726
784381726, 784375501
784375501, 784375501
784375501, 6855103988
6855103988, 6855103988
6855103988, 1278464726
1278464726, 1278464726
1278464726, 6855103986
6855103986, 6855103986
6855103986, 784357414
784357414, 784357414
784357414, 784415640
784415640, 784415640
784415640, 784323289
784323289, 784323289
784323289, 784455111
784455111, 784455111
784455111, 784336034
784336034, 784336034
784336034, 784419074
784419074, 784419074
784419074, 784474061
784474061, 784474061
784474061, 784382354
784382354, 784382354
784382354, 784441781
784441781, 784441781
784441781, 784369768
784369768, 784369768
784369768, 784328137
784328137, 784328137
784328137, 784425474
784425474, 784425474
784425474, 784393044
784393044, 784393044
784393044, 1278464960
1278464960, 1278464960
1278464960, 784354855
784354855, 784354855
784354855, 784470061
784470061, 784470061
784470061, 784395503
784395503, 784395503
784395503, 784319926
784319926, 784319926
784319926, 784314413
784314413, 784314413
784314413, 784462966
784462966, 784462966
784462966, 784502367
784502367, 784502367
784502367, 784383952
784383952, 784383952
784383952, 784484577
784484577, 784484577
784484577, 784445556
784445556, 784445556
784445556, 784475046
784475046, 784475046
784475046, 784400603
784400603, 784400603
784400603, 784444720
784444720, 784444720
784444720, 784352492
784352492, 784352492
784352492, 784456345
784456345, 784456345
784456345, 784447374
784447374, 784447374
784447374, 784300449
784300449, 784300449
784300449, 784338021
784338021, 784338021
784338021, 784409508
784409508, 784409508
784409508, 784472917
784472917, 784472917
784472917, 784351666
784351666, 784351666
784351666, 784491086
784491086, 784491086
784491086, 784503667
784503667, 784503667
784503667, 784397584
784397584, 784397584
784397584, 784375832
784375832, 784375832
784375832, 784376754
784376754, 784376754
784376754, 784356510
784356510, 784356510
784356510, 784451302
784451302, 784451302
784451302, 784339167
784339167, 784339167
784339167, 784337205
784337205, 784337205
784337205, 784303345
784303345, 784303345
784303345, 784451386
784451386, 784451386
784451386, 784377001
784377001, 784377001
784377001, 784441567
784441567, 784441567
784441567, 4086451425
4086451425, 4086451425
4086451425, 4061840998
4061840998, 4061840998
4061840998, 4086451424
4086451424, 4086451424
4086451424, 4086451423
4086451423, 4086451423
4086451423, 4086451422
4086451422, 4086451422
4086451422, 784341055
784341055, 784341055
784341055, 4086451421
4086451421, 4086451421
4086451421, 4086451420
4086451420, 4086451420
4086451420, 4061840993
4061840993, 4061840993
4061840993, 4086451419
4086451419, 4086451419
4086451419, 784455796
784455796, 784455796
784455796, 784395574
784395574, 784395574
784395574, 784321728
784321728, 784321728
784321728, 784413617
784413617, 784413617
784413617, 784438571
784438571, 784438571
784438571, 784308642
784308642, 784308642
784308642, 784427853
784427853, 784427853
784427853, 784360859
784360859, 784360859
784360859, 784322675
784322675, 784322675
784322675, 784457273
784457273, 784457273
784457273, 784434596
784434596, 784434596
784434596, 784480591
784480591, 784480591
784480591, 784395840
784395840, 784395840
784395840, 784323772
784323772, 784323772
784323772, 784354365
784354365, 784354365
784354365, 784320890
784320890, 784320890
784320890, 784375701
784375701, 784375701
784375701, 784430129
784430129, 784430129
784430129, 784322086
784322086, 784322086
784322086, 784420359
784420359, 784420359
784420359, 784346592
784346592, 784346592
784346592, 784352815
784352815, 784352815
784352815, 784393812
784393812, 784393812
784393812, 784457312
784457312, 784457312
784457312, 784468804
784468804, 784468804
784468804, 784298853
784298853, 784298853
784298853, 784442756
784442756, 784442756
784442756, 784503412
784503412, 784503412
784503412, 784375736
784375736, 784375736
784375736, 784296702
784296702, 784296702
784296702, 1278464651
1278464651, 1278464651
1278464651, 784338774
784338774, 784338774
784338774, 784393658
784393658, 784393658
784393658, 784479892
784479892, 784479892
784479892, 784503248
784503248, 784503248
784503248, 784431930
784431930, 784431930
784431930, 784346665
784346665, 784346665
784346665, 784430214
784430214, 784430214
784430214, 784454824
784454824, 784454824
784454824, 784392776
784392776, 784392776
784392776, 784386602
784386602, 784386602
784386602, 784300575
784300575, 784300575
784300575, 784446299
784446299, 784446299
784446299, 784451411
784451411, 784451411
784451411, 784313614
784313614, 784313614
784313614, 1278464904
1278464904, 1278464904
1278464904, 784475464
784475464, 784475464
784475464, 784318832
784318832, 784318832
784318832, 784386083
784386083, 784386083
784386083, 784378893
784378893, 784378893
784378893, 784451160
784451160, 784451160
784451160, 784469537
784469537, 784469537
784469537, 784397454
784397454, 784397454
784397454, 784429355
784429355, 784429355
784429355, 784301773
784301773, 784301773
784301773, 784502271
784502271, 784502271
784502271, 784303760
784303760, 784303760
784303760, 784437981
784437981, 784437981
784437981, 784331059
784331059, 784331059
784331059, 784300272
784300272, 784300272
784300272, 784374777
784374777, 784374777
784374777, 784467314
784467314, 784467314
784467314, 784489539
784489539, 784489539
784489539, 784436111
784436111, 784436111
784436111, 784448369
784448369, 784448369
784448369, 784304300
784304300, 784304300
784304300, 784427089
784427089, 784427089
784427089, 784301367
784301367, 784301367
784301367, 6855099976
6855099976, 6855099976
6855099976, 2521442817
2521442817, 2521442817
2521442817, 4086595159
4086595159, 4086595159
4086595159, 4086595158
4086595158, 4086595158
4086595158, 4086595157
4086595157, 4086595157
4086595157, 4086595156
4086595156, 4086595156
4086595156, 6855099977
6855099977, 6855099977
6855099977, 6855099980
6855099980, 6855099980
6855099980, 6855099979
6855099979, 6855099979
6855099979, 6855099978
6855099978, 6855099978
6855114566, 6855114562
6855114562, 6855114562
6855114562, 6855114561
6855114561, 6855114561
6855114565, 4426707045
4426707045, 4426707045
4426707045, 6855114564
6855114564, 6855114564
6855114564, 6855114563
6855114563, 6855114563
6855114567, 6855114566
6855114566, 6855114566
6855114566, 6855114565
6855114565, 6855114565
6855114568, 6074035133
6074035133, 6074035133
6074035133, 6855114567
6855114567, 6855114567
6855114572, 6855114569
6855114569, 6855114569
6855114569, 6855114568
6855114568, 6855114568
6855114571, 6074031705
6074031705, 6074031705
6074031705, 6855114572
6855114572, 6855114572
6855114574, 1871795961
1871795961, 1871795961
1871795961, 1666065907
1666065907, 1666065907
1666065907, 6855114570
6855114570, 6855114570
6855114570, 6855114573
6855114573, 6855114573
6855114573, 6855114571
6855114571, 6855114571
6870974628, 6870974627
6870974627, 6870974627
6870974627, 6870974626
6870974626, 6870974626
6870974626, 6870974625
6870974625, 6870974625
6870974625, 6870974624
6870974624, 6870974624
6870974624, 6870974623
6870974623, 6870974623
6870974623, 6855114569
6855114569, 6855114569
6870974631, 6870974630
6870974630, 6870974630
6870974630, 6870974629
6870974629, 6870974629
6870974629, 6870974628
6870974628, 6870974628
6870974632, 1568076264
1568076264, 1568076264
1568076264, 6870974631
6870974631, 6870974631
6855114573, 6870974636
6870974636, 6870974636
6870974636, 6870974635
6870974635, 6870974635
6870974635, 6870974634
6870974634, 6870974634
6870974634, 6870974633
6870974633, 6870974633
6870974633, 6870974632
6870974632, 6870974632
94170852, 6973589769
6973589769, 6973589769
6973589769, 971501901
971501901, 971501901
5577729793, 2160594579
2160594579, 2160594579
2160594579, 414997515
414997515, 414997515
414997515, 470195
470195, 470195
94208278, 6051751939
6051751939, 6051751939
6051751939, 5418349042
5418349042, 5418349042
5418349042, 6879469575
6879469575, 6879469575
6879469575, 94211142
94211142, 94211142
19715146, 1236457241
1236457241, 1236457241
1236457241, 1871796164
1871796164, 1871796164
1871796164, 19715155
19715155, 19715155
470195, 414997472
414997472, 414997472
414997472, 6069357408
6069357408, 6069357408
6069357408, 414997090
414997090, 414997090
414997090, 94207230
94207230, 94207230
94207230, 414997482
414997482, 414997482
414997482, 247114737
247114737, 247114737
247114737, 414997659
414997659, 414997659
414997659, 94211386
94211386, 94211386
94211386, 2160594575
2160594575, 2160594575
2160594575, 94171402
94171402, 94171402
94171402, 2160594573
2160594573, 2160594573
2160594573, 6069357407
6069357407, 6069357407
6069357407, 1236329740
1236329740, 1236329740
1236329740, 663335755
663335755, 663335755
663335755, 2180084876
2180084876, 2180084876
2180084876, 94210933
94210933, 94210933
361102, 7140042798
7140042798, 7140042798
7140053007, 7140053012
7140053012, 7140053012
7140053012, 7140053006
7140053006, 7140053006
652025865, 7140053013
7140053013, 7140053013
7140053013, 7140053007
7140053007, 7140053007
1840030265, 1840030267
1840030267, 1840030267
1840030267, 652025865
652025865, 652025865
5619882802, 652025857
652025857, 652025857
652025857, 7140053018
7140053018, 7140053018
19715155, 1871796040
1871796040, 1871796040
1871796040, 4497062399
4497062399, 4497062399
4497062399, 5431407637
5431407637, 5431407637
1787845917, 4100020132
4100020132, 4100020132
1278464642, 4100020128
4100020128, 4100020128
4100020128, 4100020129
4100020129, 4100020129
4100020129, 4100020130
4100020130, 4100020130
4100020130, 4100020131
4100020131, 4100020131
4100020131, 4100020132
4100020132, 4100020132
4100020132, 1666065926
1666065926, 1666065926
815040967, 8171458467
8171458467, 8171458467
8171458467, 1568090364
1568090364, 1568090364
971501867, 8171458468
8171458468, 8171458468
8171458468, 971501847
971501847, 971501847
