id,lat,lon
361102, 48.8785307, 2.3540413
361103, 48.8805026, 2.3523217
470195, 48.879398, 2.3485666
15643097, 48.8796813, 2.3459903
19715146, 48.8819948, 2.3466024
19715155, 48.8810938, 2.3498299
25095565, 48.8778887, 2.3516591
94157219, 48.8753256, 2.3509072
94157762, 48.875826, 2.3436827
94158188, 48.8740226, 2.3479115
94159491, 48.8763077, 2.3455815
94160057, 48.8760313, 2.3445179
94161169, 48.8738168, 2.3505169
94164234, 48.8776293, 2.3515582
94164238, 48.8771009, 2.351403
94164241, 48.8721309, 2.350047
94165147, 48.8771909, 2.3489767
94165149, 48.8762676, 2.3484736
94165414, 48.8796827, 2.3495234
94165420, 48.8774234, 2.3491
94165798, 48.8785497, 2.3505446
94166145, 48.8801114, 2.3509646
94166149, 48.8814567, 2.3514274
94166338, 48.8794977, 2.3508043
94166339, 48.8793874, 2.3516223
94166342, 48.879509, 2.3520644
94166688, 48.8819204, 2.3527269
94166717, 48.8819741, 2.3509635
94167358, 48.8815633, 2.3540946
94167629, 48.8792933, 2.352422
94167630, 48.8792792, 2.353378
94167835, 48.8783963, 2.3515003
94168021, 48.8773293, 2.3551303
94168165, 48.8773529, 2.3496039
94169400, 48.8774262, 2.3468817
94169547, 48.876566, 2.3465822
94169695, 48.8766355, 2.34868
94169987, 48.8765871, 2.3443796
94170757, 48.8767471, 2.3472774
94170852, 48.8771176, 2.3457401
94170853, 48.8773422, 2.3446543
94171402, 48.8783464, 2.3450231
94178683, 48.881594, 2.3447579
94179673, 48.8797655, 2.3455896
94179676, 48.8793566, 2.345762
94179906, 48.8808844, 2.3464352
94179907, 48.8801694, 2.3462491
94181022, 48.8782363, 2.3543147
94181306, 48.8789735, 2.3557598
94205088, 48.8807111, 2.3477568
94205089, 48.8804647, 2.3498007
94205548, 48.8835107, 2.3495902
94206073, 48.8831462, 2.3469109
94206128, 48.8824485, 2.3467249
94206274, 48.8823973, 2.3496702
94206449, 48.8795636, 2.3474182
94206882, 48.8799696, 2.3475398
94207053, 48.8778821, 2.3468364
94207230, 48.8790148, 2.3472831
94208278, 48.8801848, 2.343747
94208279, 48.8802409, 2.3429271
94210933, 48.876998, 2.3422049
94211141, 48.8777464, 2.3424215
94211142, 48.8792364, 2.3432076
94211143, 48.8815261, 2.3444276
94211386, 48.8786107, 2.3459042
94211772, 48.8787586, 2.3453181
94211916, 48.8804114, 2.3403964
94214160, 48.8793363, 2.3427941
186658078, 48.8764615, 2.3461737
202815231, 48.8765239, 2.3486204
202815391, 48.8760934, 2.3511154
202815928, 48.8748703, 2.3508
247114623, 48.8778065, 2.3471441
247114737, 48.8787953, 2.3465294
247114746, 48.8783315, 2.3463528
247114907, 48.8781471, 2.3511983
256619152, 48.8748504, 2.3480671
267350030, 48.8798627, 2.3546849
267350287, 48.8794065, 2.353266
267350316, 48.8814706, 2.3542235
280246014, 48.8802517, 2.3536377
280248435, 48.8799607, 2.3547629
326967463, 48.8764613, 2.3512086
327046138, 48.8777832, 2.35126
327046186, 48.8777184, 2.3519327
327048374, 48.878685, 2.351428
327048377, 48.8785934, 2.3515223
327048378, 48.8784731, 2.351996
327050902, 48.8781974, 2.3513301
327050904, 48.8781586, 2.351515
327050907, 48.8781631, 2.3515539
327050909, 48.8781513, 2.3515786
327050911, 48.8781262, 2.3518064
327050914, 48.8781288, 2.3521214
327058806, 48.8784931, 2.3522925
327061268, 48.8786229, 2.351323
368327397, 48.8777757, 2.3472871
414997090, 48.8790538, 2.3474148
414997472, 48.8793465, 2.3483914
414997481, 48.8789352, 2.3472545
414997482, 48.8789562, 2.3470791
414997485, 48.8794531, 2.3487502
414997486, 48.8794861, 2.3483534
414997515, 48.879327, 2.3487372
414997568, 48.8792687, 2.3485527
414997646, 48.8787237, 2.3465021
414997659, 48.8786279, 2.3459547
414997666, 48.8786494, 2.3457721
516246598, 48.8775452, 2.3515309
516246601, 48.8782204, 2.3512986
516246606, 48.8785018, 2.3514409
516246608, 48.8784398, 2.3522687
579512150, 48.8806723, 2.3523886
583012053, 48.8783086, 2.3427225
602281887, 48.8775951, 2.3521854
602281888, 48.8806019, 2.3524983
602281889, 48.8803059, 2.3523039
613742310, 48.8733046, 2.3503885
652025787, 48.8795011, 2.3533312
652025834, 48.8785934, 2.3542845
652025857, 48.8787291, 2.3541076
652025865, 48.8787706, 2.3539876
652025872, 48.8804091, 2.3525177
652025876, 48.8804703, 2.3525211
652025883, 48.8805055, 2.3525325
652025891, 48.8806932, 2.3522611
652026014, 48.8772908, 2.3550107
652026039, 48.8747982, 2.357242
652026059, 48.8765094, 2.355678
652026102, 48.8757427, 2.3563848
652026133, 48.8766015, 2.3556266
652026142, 48.8747079, 2.3573261
652028896, 48.8806197, 2.3522011
652031434, 48.8832221, 2.3496789
652031449, 48.8820133, 2.3510746
652031469, 48.8792461, 2.3532587
652031470, 48.880465, 2.3521621
652031471, 48.8813724, 2.3513506
652031472, 48.8806531, 2.3519914
652031474, 48.8835223, 2.3494236
655336894, 48.8786026, 2.3521253
655336895, 48.8784744, 2.3519049
655336896, 48.878488, 2.3517886
655336897, 48.8785482, 2.3515517
655336898, 48.8786718, 2.3515325
655336899, 48.879638, 2.3497143
655338341, 48.8783704, 2.3517575
655338343, 48.8782826, 2.351319
655338344, 48.8782401, 2.3513416
655340002, 48.8786055, 2.3514131
655340003, 48.8785485, 2.3514226
655340005, 48.8795626, 2.3532768
655340006, 48.8795301, 2.3531526
663335755, 48.877255, 2.3427353
665070907, 48.8774625, 2.3491223
665070914, 48.8781676, 2.3513977
665070915, 48.8781618, 2.3514319
665070916, 48.8781582, 2.351474
665070917, 48.8781276, 2.3518248
665070918, 48.878101, 2.3519466
665070919, 48.8781085, 2.3518935
665070920, 48.8781115, 2.3520851
665070921, 48.8781029, 2.3520401
665070922, 48.8781242, 2.3518438
665070923, 48.8780991, 2.3519964
665070924, 48.8781731, 2.3518279
665070925, 48.8781561, 2.3518843
665070926, 48.8781375, 2.3519431
665070927, 48.878137, 2.3519992
665070928, 48.8781492, 2.35206
665070929, 48.8781667, 2.3520992
665070930, 48.8781505, 2.352152
665070931, 48.8781681, 2.3522079
665070939, 48.8782422, 2.3511985
665070940, 48.8781873, 2.3511314
665070941, 48.8783171, 2.3512383
665070942, 48.8782706, 2.3512258
665070943, 48.8781803, 2.3513637
665070944, 48.8782433, 2.3512782
665070946, 48.8782148, 2.3513902
665070949, 48.8782975, 2.3512604
665070950, 48.8782752, 2.3512655
665070951, 48.8783311, 2.3513361
665070962, 48.8784877, 2.3513066
665070963, 48.8783683, 2.3513798
665070964, 48.8784324, 2.3512858
665070965, 48.8783613, 2.3512557
665070966, 48.8781994, 2.3514632
665070967, 48.878203, 2.3515373
665070968, 48.8782018, 2.3516078
665070969, 48.878188, 2.3517127
665070978, 48.8784674, 2.3514633
665070979, 48.8783899, 2.3514571
665070981, 48.8785107, 2.3516205
665070987, 48.8785568, 2.3513138
665071001, 48.8783376, 2.352067
665071006, 48.8783869, 2.3520791
665071009, 48.8784967, 2.3520686
665071015, 48.8781822, 2.3521829
665071016, 48.8783265, 2.352213
665071017, 48.8782714, 2.3522221
665071018, 48.8782265, 2.3522203
665071019, 48.8782039, 2.352125
665071020, 48.8782441, 2.3521281
665071021, 48.8782952, 2.3521071
665071031, 48.8783826, 2.3522314
665071032, 48.8784167, 2.3521258
665071033, 48.878465, 2.3521801
665071034, 48.878503, 2.3522119
665071041, 48.8785884, 2.352232
665071042, 48.8785418, 2.3520991
665071077, 48.8802202, 2.3523954
674091974, 48.8784889, 2.3539295
674646813, 48.8745361, 2.357479
772798629, 48.8776162, 2.3469781
772798630, 48.8775875, 2.3471175
784296683, 48.8803218, 2.3538408
784296702, 48.8800238, 2.3553449
784298793, 48.8792046, 2.3522385
784298853, 48.880013, 2.3553023
784299975, 48.8803293, 2.3538071
784300272, 48.8799147, 2.3559163
784300449, 48.8801925, 2.354491
784300488, 48.8779419, 2.3521628
784300575, 48.8799357, 2.3557088
784301367, 48.880008, 2.3559629
784301773, 48.8799033, 2.3558722
784303345, 48.8801411, 2.3547193
784303760, 48.8798932, 2.3558983
784304300, 48.8799917, 2.3559467
784308642, 48.8800735, 2.3550068
784313614, 48.8799457, 2.3557182
784314413, 48.8801983, 2.3544037
784318543, 48.8804143, 2.3538674
784318832, 48.8799185, 2.3558188
784319926, 48.880204, 2.3543753
784320648, 48.8775403, 2.3514475
784320890, 48.880068, 2.3551251
784321728, 48.8800885, 2.3549965
784322086, 48.8800399, 2.3552301
784322675, 48.880067, 2.3550695
784323289, 48.8802874, 2.3540027
784323772, 48.8800625, 2.3551189
784324923, 48.8777227, 2.3521041
784328137, 48.8802703, 2.3540819
784331059, 48.8798965, 2.3559074
784336034, 48.8802809, 2.3540156
784337205, 48.8801433, 2.3547087
784338021, 48.8801984, 2.354494
784338774, 48.8799648, 2.3556288
784339167, 48.8801362, 2.3547051
784341055, 48.8801251, 2.3548879
784341201, 48.8803132, 2.3538766
784346293, 48.8803444, 2.353823
784346592, 48.8800319, 2.3552425
784346665, 48.8799471, 2.355658
784351666, 48.8801706, 2.3545967
784352492, 48.8801918, 2.3544694
784352815, 48.8800255, 2.3552395
784354365, 48.8800618, 2.3551223
784354855, 48.8802216, 2.354377
784355547, 48.8778296, 2.3520648
784356510, 48.8801501, 2.3546725
784357414, 48.8802932, 2.354001
784360238, 48.8776109, 2.3513164
784360859, 48.8800732, 2.3550398
784362696, 48.8804431, 2.3538613
784365165, 48.8804222, 2.3538589
784366153, 48.8781866, 2.3522307
784367572, 48.8803276, 2.3538145
784369768, 48.8802673, 2.3540804
784372454, 48.8792647, 2.3517538
784372776, 48.8804241, 2.3538521
784374777, 48.8799167, 2.3559074
784375501, 48.8803142, 2.3538975
784375701, 48.8800468, 2.3552287
784375736, 48.8800101, 2.3553393
784375832, 48.8801495, 2.3546401
784376754, 48.8801561, 2.3546431
784377001, 48.880143, 2.3547274
784378893, 48.8799127, 2.3558208
784380282, 48.8804414, 2.3538678
784381726, 48.8803153, 2.353893
784382354, 48.8802775, 2.3540542
784383770, 48.8803097, 2.3538749
784383952, 48.8802092, 2.354414
784384869, 48.8803105, 2.3538906
784386083, 48.8799175, 2.3558227
784386602, 48.8799387, 2.3556942
784389720, 48.8778074, 2.3520586
784392776, 48.8799352, 2.3556933
784393044, 48.8802798, 2.3540935
784393658, 48.8799536, 2.3556234
784393812, 48.8800199, 2.3552677
784394889, 48.8803476, 2.3538351
784395503, 48.8802083, 2.3543772
784395574, 48.8800893, 2.3549928
784395840, 48.880058, 2.3551167
784397454, 48.8799008, 2.3558612
784397475, 48.8779397, 2.3511133
784397584, 48.8801567, 2.3546041
784400603, 48.8801913, 2.3544384
784409508, 48.8801779, 2.3545943
784413617, 48.8800846, 2.3549947
784415640, 48.8802922, 2.3540053
784419074, 48.8802749, 2.3540435
784419650, 48.8775929, 2.3519294
784420359, 48.8800352, 2.3552279
784425474, 48.8802691, 2.3540879
784427089, 48.87999, 2.355954
784427853, 48.8800675, 2.3550371
784427937, 48.8803154, 2.3538473
784429355, 48.8799052, 2.355863
784430129, 48.8800408, 2.3552261
784430150, 48.8778115, 2.3520251
784430214, 48.8799453, 2.3556666
784430426, 48.8804167, 2.3538559
784431930, 48.8799427, 2.3556561
784434319, 48.880346, 2.3538161
784434596, 48.8800536, 2.3551034
784435949, 48.8803173, 2.3538384
784436111, 48.8799885, 2.3559339
784437981, 48.8798979, 2.3559006
784438549, 48.8776821, 2.3511847
784438571, 48.8800814, 2.3550103
784439439, 48.8803227, 2.3538118
784441567, 48.880154, 2.3547318
784441781, 48.8802732, 2.3540521
784442756, 48.8800073, 2.3553302
784444720, 48.8801855, 2.3544666
784445556, 48.8801973, 2.3544361
784446299, 48.8799405, 2.3557117
784447374, 48.8801936, 2.3544855
784448369, 48.8799863, 2.3559438
784451160, 48.8799099, 2.3558352
784451302, 48.8801433, 2.3546696
784451386, 48.8801444, 2.3547208
784451411, 48.8799397, 2.3557154
784451880, 48.8775215, 2.3516084
784453968, 48.8778337, 2.3520312
784454824, 48.879941, 2.3556643
784455111, 48.8802842, 2.3540173
784455796, 48.8801044, 2.3549993
784456345, 48.8801891, 2.3544832
784457273, 48.8800614, 2.3550669
784457312, 48.8800249, 2.35527
784462587, 48.8803496, 2.3538255
784462966, 48.8802031, 2.3544062
784467314, 48.8799227, 2.3559102
784467950, 48.8775684, 2.3518184
784468804, 48.880018, 2.3553046
784469537, 48.8799065, 2.3558337
784470061, 48.8802096, 2.354371
784472917, 48.8801717, 2.3545913
784474061, 48.8802794, 2.3540457
784475046, 48.8801962, 2.3544406
784475464, 48.8799243, 2.3558216
784476049, 48.8804486, 2.3538719
784479132, 48.8803201, 2.3538494
784479892, 48.8799518, 2.35563
784480591, 48.8800601, 2.3551064
784484577, 48.8802041, 2.3544394
784489539, 48.8799246, 2.355901
784491086, 48.8801657, 2.3545946
784500075, 48.8781011, 2.351158
784502271, 48.8798989, 2.3558705
784502367, 48.8802023, 2.3544104
784502726, 48.8783099, 2.3512179
784503248, 48.8799484, 2.3556281
784503412, 48.8800117, 2.3553319
784503667, 48.8801633, 2.3546069
784505473, 48.8778443, 2.3510869
815040967, 48.877604, 2.3524312
831430972, 48.8812829, 2.3438789
831432022, 48.8796054, 2.3455661
831432084, 48.8813459, 2.3442008
831432603, 48.8810436, 2.3426546
831435133, 48.8812488, 2.3437039
831437139, 48.88121, 2.3435057
831438335, 48.8793812, 2.3456683
831438857, 48.8810706, 2.342792
831439826, 48.8811023, 2.3429547
831440727, 48.87948, 2.3456232
831441232, 48.8811712, 2.343307
831444017, 48.8797329, 2.3455079
831444822, 48.8812943, 2.344275
831449779, 48.8813093, 2.3440139
831450636, 48.8811368, 2.3431307
912271456, 48.8774881, 2.353103
912271851, 48.8777933, 2.3531865
914470748, 48.8737124, 2.3582316
914470751, 48.8735312, 2.3583884
971476124, 48.8765327, 2.3443445
971501847, 48.8772551, 2.3464098
971501853, 48.8772611, 2.3468639
971501867, 48.8770209, 2.3458704
971501901, 48.8773787, 2.3467059
971501907, 48.8773225, 2.3466561
971501920, 48.8772233, 2.3468875
1014002247, 48.8773261, 2.3491279
1014002290, 48.8772138, 2.3493034
1020265117, 48.8772347, 2.3493816
1020265119, 48.8772571, 2.3493407
1020265131, 48.8773513, 2.3492314
1020265136, 48.8772953, 2.3493496
1020265147, 48.877344, 2.3492877
1020265162, 48.8772426, 2.3492846
1020265172, 48.8773332, 2.3492447
1020265177, 48.8772868, 2.3493077
1020265182, 48.8772637, 2.3493661
1020265218, 48.8773173, 2.3491329
1020265229, 48.8772789, 2.3492688
1020265235, 48.8772545, 2.3494583
1234213805, 48.8804044, 2.3405263
1234213812, 48.8804013, 2.3405833
1234213815, 48.8804083, 2.3404584
1235277118, 48.8796637, 2.345885
1235277130, 48.8792092, 2.3494329
1235277133, 48.8794176, 2.3457352
1235277160, 48.8796566, 2.3458961
1235277166, 48.8796925, 2.3441725
1235277203, 48.8798221, 2.3455682
1235277208, 48.8796434, 2.3458982
1235277216, 48.8795009, 2.3449757
1235277239, 48.8797262, 2.3456061
1235277253, 48.879373, 2.3457031
1235277272, 48.8794579, 2.3451645
1235277273, 48.8797476, 2.3455105
1235277274, 48.8798103, 2.3451527
1235277397, 48.8798586, 2.3451803
1236329740, 48.8773009, 2.3428303
1236329762, 48.8769974, 2.3445276
1236341618, 48.8781534, 2.3426336
1236456880, 48.8812268, 2.3435914
1236456926, 48.8811917, 2.3434122
1236456950, 48.8795631, 2.3455854
1236456976, 48.8810845, 2.3428636
1236457004, 48.8812634, 2.3437786
1236457020, 48.8810596, 2.3427362
1236457058, 48.8796816, 2.3455313
1236457104, 48.8811201, 2.3430457
1236457128, 48.8812953, 2.3439422
1236457241, 48.8819737, 2.3467283
1236457292, 48.881154, 2.343219
1236457370, 48.8813238, 2.3440881
1236518666, 48.8783061, 2.3451804
1236518790, 48.8805612, 2.3490004
1236518985, 48.8810065, 2.3491263
1272477675, 48.8775554, 2.3528292
1272477678, 48.877512, 2.3528889
1272590682, 48.8771983, 2.3492375
1272590683, 48.8772728, 2.3495274
1273681652, 48.8786213, 2.3538144
1278464642, 48.8800542, 2.3536959
1278464651, 48.8800206, 2.3553605
1278464726, 48.8803156, 2.3539175
1278464780, 48.8779486, 2.3513243
1278464856, 48.8799132, 2.3536163
1278464858, 48.8779046, 2.3513123
1278464904, 48.8799403, 2.3557442
1278464960, 48.8802276, 2.3543485
1278473026, 48.87971, 2.3558673
1342011463, 48.8768007, 2.347242
1342011464, 48.8773763, 2.3494364
1342011465, 48.8780474, 2.3522594
1342011466, 48.878588, 2.3538462
1342011468, 48.8779594, 2.3516566
1342011470, 48.8781057, 2.3522307
1342011472, 48.8779366, 2.351568
1568076259, 48.8805207, 2.3526058
1568076260, 48.8804296, 2.3527306
1568076264, 48.8805468, 2.352596
1568076265, 48.8805881, 2.3525964
1568076266, 48.8806686, 2.3526141
1568090326, 48.8784055, 2.3507681
1568090328, 48.8784104, 2.3508368
1568090343, 48.8777526, 2.3511422
1568090345, 48.8780957, 2.3512887
1568090348, 48.8780292, 2.3521904
1568090351, 48.8777739, 2.351224
1568090354, 48.8783866, 2.3508891
1568090358, 48.8778188, 2.351102
1568090364, 48.878262, 2.3510967
1568090365, 48.8776635, 2.3520245
1568090366, 48.8775312, 2.3515269
1568090384, 48.8781848, 2.3522114
1598035637, 48.8786494, 2.3522285
1598035640, 48.8786654, 2.3520905
1598035661, 48.8786679, 2.3521678
1598035664, 48.878674, 2.3522354
1598035666, 48.8786761, 2.3520935
1598035669, 48.8787035, 2.3522184
1598035673, 48.8787295, 2.3515749
1598035679, 48.8787399, 2.3515776
1598035681, 48.8787426, 2.3514671
1598035683, 48.8787452, 2.351534
1598035685, 48.8787694, 2.3514745
1598035708, 48.8787933, 2.3515066
1598035711, 48.8791771, 2.3523076
1598035715, 48.8791862, 2.3522334
1598035719, 48.8791897, 2.352352
1598035723, 48.8792455, 2.3517485
1598035727, 48.8792546, 2.3516749
1598035730, 48.8792734, 2.3523769
1598035733, 48.8792819, 2.3523699
1598035736, 48.87929, 2.3523574
1598035739, 48.8792928, 2.3522624
1598035742, 48.8793145, 2.3523098
1598035767, 48.8793519, 2.3517789
1598035769, 48.8793616, 2.3522287
1598035770, 48.8793641, 2.351665
1598035771, 48.87938, 2.3517413
1598035772, 48.8794058, 2.3520707
1598035775, 48.8794108, 2.35206
1598035780, 48.8794135, 2.352024
1598035783, 48.8794138, 2.3520336
1598035788, 48.8794139, 2.352047
1598035792, 48.8794385, 2.3520966
1598035803, 48.8794453, 2.3520799
1598035804, 48.8794467, 2.3520022
1598035805, 48.8794489, 2.3520666
1598035807, 48.8794509, 2.3520222
1598035809, 48.8794514, 2.3520523
1598035810, 48.8794519, 2.3520353
1598058594, 48.8792308, 2.3522456
1598058595, 48.8792792, 2.351854
1598058596, 48.8792896, 2.351761
1598058597, 48.8792422, 2.3521525
1604134135, 48.8810334, 2.3426251
1604134139, 48.8810482, 2.3426181
1604134144, 48.8810638, 2.3426185
1604134154, 48.8810827, 2.3426251
1604134162, 48.8810976, 2.3426355
1604134164, 48.8811104, 2.3426515
1604134165, 48.8811187, 2.3426682
1604134167, 48.8811242, 2.3426856
1604134219, 48.8812898, 2.3442988
1604134223, 48.8813393, 2.3443243
1604134224, 48.8813557, 2.3443229
1604134226, 48.8813729, 2.3443171
1604134228, 48.8813926, 2.3443006
1604134231, 48.8814068, 2.3442774
1604134232, 48.8814161, 2.3442498
1604134233, 48.8814191, 2.3441937
1604134234, 48.8814204, 2.3442205
1666065907, 48.8803286, 2.3536225
1666065926, 48.8804921, 2.3536994
1666065941, 48.8798609, 2.353503
1675158632, 48.8830538, 2.3496169
1675158635, 48.8831988, 2.3498739
1675158636, 48.8831464, 2.3497518
1735234721, 48.8784594, 2.3541191
1735234733, 48.8787176, 2.3538928
1761364758, 48.8795386, 2.3490372
1786279602, 48.8793384, 2.3516087
1786279603, 48.8770438, 2.3513708
1786279604, 48.8779998, 2.3520795
1786279605, 48.8778591, 2.3515472
1786279606, 48.8771564, 2.351419
1786279607, 48.876193, 2.3511409
1786279615, 48.8777666, 2.3511961
1786279619, 48.8792081, 2.3534423
1786279622, 48.8792825, 2.3525306
1786279624, 48.8778365, 2.3517438
1786279627, 48.8779552, 2.3515374
1786279629, 48.8795356, 2.3533522
1786279631, 48.8792389, 2.3524073
1786279634, 48.8792328, 2.3532134
1786279644, 48.8794021, 2.3515137
1786279645, 48.8771127, 2.3513185
1786279647, 48.8795634, 2.3520806
1787845917, 48.8823708, 2.3546777
1804446166, 48.8761581, 2.3560079
1804449777, 48.877851, 2.3512374
1804452009, 48.8772639, 2.3490208
1828533266, 48.8806444, 2.3498584
1829469422, 48.8759697, 2.3561799
1829476646, 48.8814046, 2.344407
1829476647, 48.8798836, 2.3461275
1835516132, 48.8832224, 2.3499873
1835516159, 48.8836104, 2.3495151
1840005821, 48.8736727, 2.3582639
1840005822, 48.8750999, 2.3569775
1840005825, 48.8783258, 2.3540978
1840005826, 48.8783963, 2.3540155
1840005827, 48.8795376, 2.3529903
1840005829, 48.8795823, 2.3531065
1840005831, 48.8796282, 2.3532201
1840005833, 48.8802663, 2.3525141
1840005835, 48.8803049, 2.3526084
1840005838, 48.88056, 2.3525308
1840005840, 48.8813446, 2.3513236
1840005854, 48.8819816, 2.3508051
1840005855, 48.8820254, 2.3509171
1840005857, 48.8820685, 2.3510273
1840030231, 48.8738693, 2.3580913
1840030252, 48.8756103, 2.3565121
1840030255, 48.8762413, 2.3558905
1840030260, 48.8774101, 2.3549125
1840030263, 48.8783647, 2.3542022
1840030264, 48.8784068, 2.3543137
1840030265, 48.8786892, 2.353755
1840030267, 48.8787335, 2.3538783
1840030269, 48.8787938, 2.3539693
1840030271, 48.879169, 2.3533274
1840030273, 48.8792446, 2.353551
1840030274, 48.880803, 2.3518606
1840030276, 48.8808429, 2.3519755
1840030289, 48.8808841, 2.3520908
1840030291, 48.8815077, 2.351237
1840030293, 48.8815496, 2.3513468
1840030294, 48.8815883, 2.3514482
1840030295, 48.8830547, 2.3498332
1840030296, 48.8831011, 2.3499616
1840030297, 48.8831362, 2.3500652
1871776624, 48.8834768, 2.3494623
1871776680, 48.8830946, 2.3468972
1871795961, 48.8803107, 2.3537165
1871795979, 48.8805707, 2.3489224
1871795991, 48.882058, 2.3466255
1871796017, 48.8824041, 2.3467126
1871796023, 48.8806066, 2.3490132
1871796025, 48.881849, 2.3527058
1871796040, 48.8810806, 2.3498906
1871796058, 48.8810029, 2.3498358
1871796075, 48.8808752, 2.3465032
1871796090, 48.8811432, 2.3498247
1871796105, 48.880595, 2.353778
1871796112, 48.8806649, 2.3477433
1871796117, 48.8804748, 2.3497211
1871796133, 48.8805165, 2.3498173
1871796164, 48.8811201, 2.3497377
1871796167, 48.8823482, 2.3496789
1871796169, 48.8813211, 2.3541555
1871796172, 48.8815361, 2.3541648
1871796205, 48.880703, 2.3478238
1871796231, 48.8831139, 2.349675
2140279528, 48.881493, 2.3448042
2148477940, 48.8787171, 2.3452901
2148477941, 48.8787397, 2.34539
2148477942, 48.8787817, 2.3452181
2148477943, 48.8788083, 2.3453544
2148477945, 48.879625, 2.3459548
2148477946, 48.8796743, 2.3460833
2148477947, 48.8796986, 2.3459038
2148477948, 48.8797357, 2.3460339
2148477949, 48.8797917, 2.3454836
2160594553, 48.8758372, 2.3482599
2160594555, 48.8759072, 2.3482865
2160594556, 48.8761089, 2.3483887
2160594561, 48.8765746, 2.3486475
2160594562, 48.8766162, 2.3467723
2160594563, 48.8768662, 2.3472013
2160594564, 48.877063, 2.3489255
2160594567, 48.8771394, 2.3487822
2160594568, 48.8772321, 2.3491391
2160594570, 48.8773472, 2.3466897
2160594571, 48.8774123, 2.3468304
2160594573, 48.8782074, 2.3447254
2160594574, 48.8782022, 2.344935
2160594575, 48.8784364, 2.3453335
2160594576, 48.8784465, 2.3450984
2160594578, 48.8791531, 2.3493155
2160594579, 48.8792367, 2.3492579
2160594581, 48.8794514, 2.3484754
2160594582, 48.8795695, 2.3473532
2160594584, 48.8796118, 2.3474384
2160594585, 48.8796346, 2.349361
2160594586, 48.8797595, 2.3497824
2160594587, 48.879781, 2.3495585
2160594588, 48.8799834, 2.3474505
2160594589, 48.8800279, 2.3475569
2160594590, 48.8801588, 2.3463173
2160594591, 48.8804041, 2.3463552
2160594593, 48.8805644, 2.3463893
2160594595, 48.8808306, 2.3464238
2180084844, 48.8761225, 2.3448689
2180084849, 48.8762705, 2.3454384
2180084869, 48.8767817, 2.3474129
2180084876, 48.8770736, 2.342365
2180084881, 48.8772653, 2.344626
2180084883, 48.8773281, 2.3447191
2180084884, 48.8773683, 2.3422946
2180084885, 48.877421, 2.3446832
2180084898, 48.8791959, 2.3431862
2194257043, 48.872181, 2.3500637
2194257134, 48.8752683, 2.3508916
2194257137, 48.8753779, 2.3509263
2194257172, 48.8772803, 2.3549743
2321238544, 48.8732932, 2.3585996
2428864298, 48.8776015, 2.3470503
2521442815, 48.8797296, 2.356538
2521442817, 48.8799827, 2.3561153
2665180450, 48.8835002, 2.3497188
2889523055, 48.8788789, 2.3537448
2889523057, 48.8809658, 2.3518677
3175146873, 48.8774449, 2.3501557
3175146874, 48.8773455, 2.3498376
3175146875, 48.8772999, 2.3501746
3175147846, 48.8774019, 2.3497924
3339802262, 48.8804501, 2.3521118
3339802264, 48.8806175, 2.352526
3384287997, 48.8793698, 2.351851
3501719717, 48.8775975, 2.3513412
3501719718, 48.8775618, 2.3517887
3501719720, 48.8776465, 2.3512506
3501719721, 48.8775742, 2.3518448
3501719722, 48.8779733, 2.3511226
3539431754, 48.8773516, 2.3498265
3539431755, 48.877354, 2.3498239
3539431756, 48.8773591, 2.3498212
3706573237, 48.8780749, 2.3448964
3879985576, 48.878918, 2.3555444
4037905229, 48.880488, 2.3541943
4037905231, 48.8805118, 2.3540775
4037905232, 48.8805019, 2.3542008
4037905233, 48.8805168, 2.3542078
4037905234, 48.8805256, 2.3540853
4037905236, 48.88054, 2.3540922
4045853198, 48.8740673, 2.3479199
4045862066, 48.8758812, 2.343895
4061840993, 48.8801108, 2.3549647
4061840998, 48.8801468, 2.3547706
4086451419, 48.880107, 2.3549855
4086451420, 48.8801143, 2.3549459
4086451421, 48.8801216, 2.3549064
4086451422, 48.8801288, 2.354868
4086451423, 48.8801363, 2.3548272
4086451424, 48.8801434, 2.3547888
4086451425, 48.8801507, 2.3547493
4086595156, 48.8799342, 2.3563773
4086595157, 48.879944, 2.3563244
4086595158, 48.8799632, 2.3562206
4086595159, 48.879973, 2.3561679
4099994047, 48.8804303, 2.3537708
4099994048, 48.8805013, 2.3537484
4099994049, 48.8805238, 2.353746
4099994050, 48.8811509, 2.3541216
4100020127, 48.8800242, 2.3536799
4100020128, 48.8801133, 2.3537178
4100020129, 48.880332, 2.3536507
4100020130, 48.8804423, 2.3536997
4100020131, 48.8804661, 2.3536983
4100020132, 48.8804983, 2.3537062
4170417125, 48.8778697, 2.3468868
4221429494, 48.8773067, 2.349139
4387008643, 48.8784818, 2.3539025
4387008644, 48.8786031, 2.3543222
4426707045, 48.880127, 2.353794
4497062390, 48.8794463, 2.3507902
4497062391, 48.8794852, 2.3508973
4497062392, 48.8795085, 2.3507208
4497062393, 48.8795438, 2.3508164
4497062394, 48.88005, 2.3509494
4497062395, 48.8801401, 2.3510661
4497062396, 48.880175, 2.3509838
4497062397, 48.88075, 2.3511506
4497062398, 48.8807945, 2.3512389
4497062399, 48.8808218, 2.3510983
4497062400, 48.8808617, 2.3511822
4512216598, 48.878418, 2.3539938
4512216599, 48.8784471, 2.3537714
4700937589, 48.8801662, 2.353654
4876669167, 48.8803378, 2.3538117
4922753049, 48.8811662, 2.3516858
4947721055, 48.8833975, 2.3496956
5077513433, 48.8757887, 2.3482432
5088415258, 48.880665, 2.3538119
5088415259, 48.8807201, 2.353921
5088415260, 48.8812672, 2.3541766
5123056787, 48.8784669, 2.3538464
5291470297, 48.8785722, 2.3518131
5291470301, 48.8786979, 2.3513458
5291470302, 48.8785674, 2.3523114
5291470303, 48.8782232, 2.3517214
5291470304, 48.8782397, 2.3517254
5291470305, 48.8782752, 2.3517341
5291470306, 48.8783132, 2.3517434
5291470307, 48.878409, 2.351767
5291470308, 48.8784406, 2.3517748
5297531439, 48.8802555, 2.3522901
5297531440, 48.8796191, 2.3533416
5297531441, 48.8795449, 2.3531395
5297531442, 48.8795887, 2.3532549
5297531443, 48.8796459, 2.3533924
5297531445, 48.8796994, 2.3559422
5418349042, 48.8793417, 2.3432675
5418349043, 48.8812856, 2.3443426
5431407637, 48.8808081, 2.3511663
5434163338, 48.8772741, 2.3549115
5435849233, 48.8811153, 2.3464615
5435849234, 48.8788859, 2.3454109
5496013704, 48.8772817, 2.3490817
5540287646, 48.8797551, 2.3456386
5574186937, 48.8781379, 2.3517004
5574186938, 48.8783049, 2.351235
5574186939, 48.878161, 2.3511752
5574186940, 48.8787454, 2.3514447
5574186941, 48.8786462, 2.3522476
5574186942, 48.8787961, 2.3541399
5574186943, 48.880244, 2.3537407
5577729788, 48.879566, 2.3494761
5577729791, 48.8785573, 2.3491961
5577729793, 48.8792251, 2.3493379
5592147095, 48.8764769, 2.3556865
5592147096, 48.8765557, 2.3556688
5592147097, 48.8761829, 2.3559471
5592147098, 48.8761264, 2.3560517
5619882798, 48.8830887, 2.3496369
5619882799, 48.8785374, 2.3537917
5619882800, 48.8785004, 2.3537397
5619882801, 48.8784029, 2.3533769
5619882802, 48.8787187, 2.3541504
5619882803, 48.8787487, 2.3540098
5835120262, 48.8818742, 2.3465787
6051751936, 48.8802269, 2.3437698
6051751937, 48.8801896, 2.343675
6051751938, 48.8801687, 2.3438176
6051751939, 48.8801236, 2.3436995
6051751941, 48.8802495, 2.3428012
6069357407, 48.8780786, 2.3444562
6069357408, 48.8792301, 2.3480045
6069357409, 48.8802205, 2.3513371
6070692643, 48.8764114, 2.3459809
6070713596, 48.8767198, 2.3471752
6070766749, 48.8774382, 2.349024
6070773773, 48.8772943, 2.3490366
6070773780, 48.8774214, 2.3498676
6070774837, 48.8773861, 2.3493667
6073955814, 48.8778778, 2.3512413
6074030081, 48.8796002, 2.3532879
6074031705, 48.8802829, 2.3535017
6074035133, 48.8801193, 2.3536277
6074037945, 48.8815107, 2.3539997
6109665908, 48.8804029, 2.3405548
6114122835, 48.8800902, 2.3462148
6114122836, 48.8831344, 2.3497234
6157240019, 48.8835271, 2.3496773
6157240020, 48.8835376, 2.3496564
6200416112, 48.8792225, 2.3531174
6202073361, 48.8783164, 2.3532771
6202073362, 48.8769548, 2.3480754
6203898376, 48.878728, 2.354807
6207449491, 48.8813276, 2.3513113
6222542986, 48.8815091, 2.3542075
6222542987, 48.8814897, 2.3542203
6222547688, 48.8805323, 2.3525345
6222547689, 48.8806235, 2.3524752
6222547690, 48.8806859, 2.3523207
6222564160, 48.8779228, 2.3468605
6222564161, 48.8779796, 2.3468927
6267518871, 48.8805662, 2.3522884
6267518872, 48.880607, 2.3523194
6267518874, 48.880597, 2.3523885
6267518875, 48.8805821, 2.352369
6267518876, 48.8805563, 2.3524505
6267518877, 48.8805422, 2.3524595
6267518878, 48.8805303, 2.3524589
6267518879, 48.8805219, 2.3524528
6267518880, 48.8805177, 2.3524418
6267518881, 48.8805195, 2.3524283
6267518882, 48.8805563, 2.3523663
6267518883, 48.8805643, 2.3523549
6267518884, 48.8805704, 2.3523522
6267519885, 48.8805784, 2.3523573
6267519886, 48.8805815, 2.3523623
6267519887, 48.8806079, 2.3525853
6267519888, 48.8806106, 2.3525789
6267519889, 48.8806084, 2.3525718
6267519890, 48.8805764, 2.3525316
6267519891, 48.8805552, 2.3525397
6267519892, 48.8805252, 2.3525427
6267519893, 48.8804977, 2.352539
6267519894, 48.8804816, 2.3526067
6267519895, 48.8804807, 2.3526191
6267519896, 48.8804829, 2.3526228
6267519897, 48.8804891, 2.3526205
6267519898, 48.8805125, 2.3525963
6267519899, 48.8805356, 2.3525796
6267519900, 48.8805532, 2.3525759
6267519901, 48.8805718, 2.3525745
6267519902, 48.8805865, 2.3525782
6267519903, 48.8805658, 2.3525195
6267519904, 48.8805491, 2.3525252
6267519905, 48.8805332, 2.3525266
6267519906, 48.8805171, 2.3525259
6267519907, 48.880502, 2.3525236
6267519908, 48.8805008, 2.3525219
6267519909, 48.8804999, 2.3525193
6267519910, 48.8805014, 2.352514
6267519911, 48.8805038, 2.3525113
6267519912, 48.8805077, 2.3525099
6267519913, 48.8805236, 2.3525099
6267519914, 48.8805416, 2.352508
6267519915, 48.8805512, 2.3525076
6267519916, 48.8805609, 2.3525133
6267519917, 48.8806647, 2.3524158
6267519918, 48.8807002, 2.3523958
6267519919, 48.8806628, 2.35194
6267519927, 48.8773462, 2.3469134
6311415121, 48.8737639, 2.3505082
6311422283, 48.8738876, 2.3505305
6335922738, 48.8763929, 2.3459098
6335922739, 48.8784598, 2.3538194
6367445640, 48.8797704, 2.352941
6378943135, 48.8791912, 2.3494795
6378946379, 48.8786238, 2.3504216
6378946601, 48.8786197, 2.350558
6378946948, 48.8781194, 2.3512468
6378953157, 48.877694, 2.3518445
6378957729, 48.8776221, 2.3521066
6378957760, 48.8774694, 2.3532697
6469778571, 48.8791257, 2.3563506
6620568035, 48.8745942, 2.357428
6638599299, 48.8771388, 2.3456459
6772635467, 48.8776835, 2.3505926
6852759198, 48.8746252, 2.3573989
6855099957, 48.8802371, 2.3536522
6855099958, 48.8802565, 2.3536263
6855099959, 48.8805498, 2.3525332
6855099960, 48.8805715, 2.3525248
6855099961, 48.8806455, 2.3524483
6855099962, 48.8806793, 2.3523603
6855099963, 48.8794077, 2.3531087
6855099964, 48.8804426, 2.35251
6855099965, 48.8804319, 2.3525082
6855099966, 48.8804184, 2.3525104
6855099969, 48.8803025, 2.3536116
6855099970, 48.8802846, 2.3537018
6855099971, 48.8802613, 2.3536106
6855099972, 48.8802132, 2.3536626
6855099973, 48.8801891, 2.3536636
6855099976, 48.8800159, 2.3559662
6855099977, 48.8799312, 2.3563932
6855099978, 48.8797608, 2.3565499
6855099979, 48.8798053, 2.3563263
6855099980, 48.8799215, 2.3563875
6855103986, 48.8802978, 2.3540037
6855103988, 48.8803192, 2.3538999
6855103989, 48.8804447, 2.3538908
6855103990, 48.8806385, 2.3539868
6855103991, 48.8806407, 2.3539754
6855103992, 48.8806407, 2.3539636
6855103993, 48.8806217, 2.3539076
6855103994, 48.8805904, 2.3538278
6855103995, 48.8805807, 2.3538107
6855103996, 48.8805472, 2.3537953
6855103997, 48.8805115, 2.3537799
6855103998, 48.8804972, 2.3537822
6855103999, 48.8804722, 2.3537926
6855104000, 48.8804469, 2.3538
6855104001, 48.8804264, 2.353795
6855104002, 48.8802789, 2.3537242
6855104003, 48.8802719, 2.3537559
6855104004, 48.8801561, 2.3541209
6855104005, 48.880033, 2.3545869
6855104006, 48.8799653, 2.3549091
6855104007, 48.8799237, 2.3551559
6855104008, 48.8798923, 2.3553473
6855104009, 48.8798659, 2.355582
6855104010, 48.8798335, 2.3558864
6855104011, 48.8797711, 2.3561842
6855104012, 48.8797101, 2.3564695
6855104013, 48.8797091, 2.3564899
6855104014, 48.8797118, 2.3565111
6855104015, 48.8797169, 2.3565263
6855104017, 48.8805155, 2.3537444
6855104018, 48.8804625, 2.3537672
6855104019, 48.8804493, 2.3537725
6855104020, 48.8798151, 2.354965
6855104021, 48.8799186, 2.3544679
6855104022, 48.8800961, 2.3542228
6855104023, 48.8800511, 2.3543968
6855104024, 48.8800205, 2.3545199
6855114547, 48.8798441, 2.3557863
6855114549, 48.8797231, 2.3557549
6855114551, 48.8799457, 2.3550256
6855114559, 48.8797827, 2.3561288
6855114560, 48.8800471, 2.3545334
6855114561, 48.879884, 2.3544518
6855114562, 48.8798602, 2.3544293
6855114563, 48.8802412, 2.3538525
6855114564, 48.8802141, 2.3538386
6855114565, 48.8801001, 2.3537802
6855114566, 48.8800756, 2.3537655
6855114567, 48.8801023, 2.3536713
6855114568, 48.8801358, 2.3535864
6855114569, 48.8801876, 2.353458
6855114570, 48.8803365, 2.3535815
6855114571, 48.8803198, 2.353518
6855114572, 48.8802232, 2.3534753
6855114573, 48.8803464, 2.3535297
6855114574, 48.8803067, 2.3537375
6855114575, 48.8802509, 2.3536924
6855114576, 48.8799261, 2.3535291
6855114577, 48.8796141, 2.353397
6855302040, 48.8759871, 2.3510873
6870974623, 48.8802401, 2.3533353
6870974624, 48.8804015, 2.3525528
6870974625, 48.88042, 2.3525441
6870974626, 48.880437, 2.3525478
6870974627, 48.880463, 2.3525586
6870974628, 48.8804905, 2.3525691
6870974629, 48.880508, 2.3525736
6870974630, 48.8805457, 2.3525625
6870974631, 48.8805462, 2.3525774
6870974632, 48.8805472, 2.3526212
6870974633, 48.880547, 2.3526366
6870974634, 48.8805355, 2.352644
6870974635, 48.880521, 2.3526721
6870974636, 48.880506, 2.3527211
6879451183, 48.8790563, 2.3439818
6879459898, 48.879211, 2.3432851
6879462720, 48.8793263, 2.3428354
6879469575, 48.8792951, 2.343241
6879473756, 48.8783647, 2.3427518
6879474183, 48.879257, 2.3431462
6886594257, 48.8780937, 2.3491751
6900269351, 48.8790093, 2.3558989
6973589769, 48.8773576, 2.3466279
6992597724, 48.8794278, 2.3485184
6992597725, 48.8794717, 2.3484218
7044506721, 48.8806583, 2.3523774
7044506722, 48.8805847, 2.3522919
7044506723, 48.8805942, 2.3524505
7044506724, 48.8805913, 2.3523577
7140042798, 48.8787065, 2.3540967
7140053006, 48.8787491, 2.3541816
7140053007, 48.8787753, 2.3540726
7140053012, 48.8787646, 2.3541248
7140053013, 48.8787841, 2.354027
7140053017, 48.8787418, 2.3540277
7140053018, 48.8787385, 2.3540689
7143330004, 48.8778421, 2.3511998
7143330005, 48.8778573, 2.3512616
7166954569, 48.8774125, 2.3491782
7166954570, 48.8792811, 2.3493606
7579829188, 48.8785143, 2.3517962
7762589704, 48.8832929, 2.3497881
8168262336, 48.8771282, 2.345693
8168344735, 48.8785581, 2.3538131
8168344737, 48.8777369, 2.3513497
8171458467, 48.8776303, 2.3522021
8171458468, 48.8771026, 2.3458476
8819008442, 48.881385, 2.3443069
